locality,property_type,location_text,area_sqft,rent_amount,maintenance_amount,deposit_amount,total_monthly_cost,rent_per_sqft,rent_outlier,sqft_outlier,rent_psf_outlier
Kothrud,Nan,"Hapoy Colony Near Van Devi Mandir Karve Nagar Road Kothurd, Van Devi Mandir",650.0,12000,0,24000,12000,18.46,0,0,0
Kothrud,Shop,"Gandhi Bhavan Rd, Gandhi Bhavan (Maharashtra Gandhi Smarak Nidhi)",160.0,20000,0,60000,20000,125.0,0,0,0
Kothrud,Shop,"Chandani Chowk , Shinde Farm Golden Group,",500.0,100000,0,200000,100000,200.0,0,0,0
Kothrud,Office,"Paschimanagri,, City Pride- Kothrud",230.0,100000,13000,500000,113000,434.78,0,0,0
Kothrud,Nan,"Late. G A Kulkarni Road, Opposite Karishma Society, Kothrud",100.0,10000,0,10000,10000,100.0,0,0,0
Kothrud,Office,"Near Vanaz Metro Station, Aboli Villa, Utsav Sabhagruha",200.0,20000,0,50000,20000,100.0,0,0,0
Kothrud,Office,"City Pride- Kothrud, City Pride- Kothrud",111.0,90000,10000,300000,100000,810.81,0,0,1
Kothrud,Showroom,"Paud Road, Anand Nagar Metro Station",850.0,150000,1500,810000,151500,176.47,0,0,0
Kothrud,Office,"New India School Road, Janaseva Sahakari Bank",350.0,18000,0,35000,18000,51.43,0,0,0
Kothrud,Office,"Jog School, Jog School",430.0,120000,0,720000,120000,279.07,0,0,0
Kothrud,Office,"Dahanukar Colony,, Jalsa Restaurant And Bar",924.0,55000,0,165000,55000,59.52,0,0,0
Kothrud,Warehouse,"Jijai Nagar, Grandstand Trinity",390.0,45000,0,200000,45000,115.38,0,0,0
Kothrud,Office,"Mavale Basti,, Opp Vandevi Mandir",850.0,30000,0,65000,30000,35.29,0,0,0
Kothrud,Office,"Kothrud , Kothrud",250.0,70000,5000,450000,75000,280.0,0,0,0
Kothrud,Office,"Paud Rd, Bhusari Colony,, Cafe Durga",700.0,28000,0,75000,28000,40.0,0,0,0
Kothrud,Commercial,"Gat No:405 ,Phaltan Midc, Near Cummins Php Ltd, At Post Nandal ,Ta Phaltan , Dist Satara, Near Cummins Php Ltd , Suravdi Phaltan Midc",560.0,218000,0,7500000,218000,389.29,0,0,0
Kothrud,Shop,"Happy Colony Ln, , Janata Sahakari Bank Limited - Karve Nagar Branch",100.0,10000,0,50000,10000,100.0,0,0,0
Kothrud,Office,"Spectra Complex, Jalgaon People",312.0,47000,0,100000,47000,150.64,0,0,0
Kothrud,Restaurant,"Sangunabai Bhoj Path, Front Of Kidzee School Near Cummins College",700.0,65000,0,250000,65000,92.86,0,0,0
Kothrud,Office,"Guru Genesh Nagar,",195.0,19000,0,40000,19000,97.44,0,0,0
Kothrud,Office,"Sagar Colony Near Db Road, Ashish Garden Banquet Hall",300.0,12000,0,24000,12000,40.0,0,0,0
Kothrud,Commercial,"Karve Road , Near Kothrud Post Office",300.0,919999,0,5520000,919999,3066.66,0,0,1
Kothrud,Office,"Mrutyunjay Society Road, Sagar Fast Food",500.0,75000,0,225000,75000,150.0,0,0,0
Kothrud,Office,"Left Busari Colony Kothrud Pune, Savali School ,Next To Vyom Building",390.0,300000,30000,1000000,330000,769.23,0,0,0
Kothrud,Office,"Sr 145, Dp Rd, Near Shivaji Maharaj Statue, Opp. Uco Bank, Mayur Colony, Kothrud, Pune, Maharashtra 411038, Subudh Hospital And Research Center",780.0,30000,1500,50000,31500,38.46,0,0,0
Baner,Office,"Baner, Balewadi High Street",762.0,60000,0,360000,60000,78.74,0,0,0
Baner,Office,"Balewadi Phata Near By Ganraj Chowk, Balewadi High Street",600.0,120000,0,720000,120000,200.0,0,0,0
Baner,Office,"Baner Kundan Garden, Pancharatna Shop",400.0,35000,0,90000,35000,87.5,0,0,0
Baner,Office,"Ambrosla Galaxy Rd, Baner High Street",600.0,42000,0,150000,42000,70.0,0,0,0
Baner,Office,"Baner Road, Zudio - Baner",150.0,105000,5000,600000,110000,700.0,0,0,1
Baner,Office,"Mont Vert Spectra, Baner Road, Vijay Sales",480.0,60000,0,180000,60000,125.0,0,0,0
Baner,Restaurant,"Baner Rd, Opposite Mabaleshwar Hotel",700.0,400000,32500,2400000,432500,571.43,0,0,1
Baner,Office,"Baner Road,Ganraj Chowk, Opp Zudio",400.0,108000,0,500000,108000,270.0,0,0,0
Baner,Office,"Madhavbaug Society, Ram Enterprises",750.0,45000,0,140000,45000,60.0,0,0,0
Baner,Office,"Mohan Nagar, Bitwise Terratower",250.0,85000,10000,509999,95000,340.0,0,0,0
Baner,Office,"Balewadi High Street Rd, Livspace - Interior Design Studio, Baner",550.0,145000,16000,750000,161000,263.64,0,0,0
Baner,Office,"Baner-Balewadi Road , Behind Fatcook",650.0,27000,0,100000,27000,41.54,0,0,0
Baner,Office,"45 Baner Street, Manipal Hospital Baner",655.0,110000,0,330000,110000,167.94,0,0,0
Baner,Office,"Banglore Highway Pashan Exit, Yamaha Motor Showroom - Raya Motors",575.0,35000,4000,100000,39000,60.87,0,0,0
Baner,Office,"Baner Rd, Behind Croma",643.0,150000,0,450000,150000,233.28,0,0,0
Baner,Shop,"Baner-Mahalunge Rd, Zudio - Baner",330.0,38000,0,200000,38000,115.15,0,0,0
Baner,Office,"Baner Rd, Behind Croma Showroom, Baner, Pyramid Axis",500.0,90000,3000,400000,93000,180.0,0,0,0
Baner,Office,"Yash Orchid Private Road, Tata Motors Cars Showroom - Garve, Baner",640.0,50000,0,200000,50000,78.12,0,0,0
Baner,Office,"Srn 84/1, Main, Baner Rd, La Commercia",654.0,60000,0,200000,60000,91.74,0,0,0
Baner,Office,"Samarth Colony, Yamaha Motor Showroom - Raya Motors",577.0,41000,5500,250000,46500,71.06,0,0,0
Baner,Office,"Balewadi High Street, Balewadi High Street",948.0,90000,10000,400000,100000,94.94,0,0,0
Baner,Office,"Pashan Hwy , Tata Motors Cars Showroom - Garve, Baner",395.0,130000,0,500000,130000,329.11,0,0,0
Baner,Office,"Mohan Nagar, Near Bitwise, Baner, Bitwise,",200.0,95000,0,500000,95000,475.0,0,0,0
Baner,Office,"Bypass Road, Bypass Road",948.0,80000,10000,480000,90000,84.39,0,0,0
Baner,Commercial,"Near Kapil Akhila, Lane Next To Westport",140.0,10000,1000,30000,11000,71.43,0,0,0
Hinjawadi,Office,"Wipro Circle, Wipro Circle",526.0,25000,0,75000,25000,47.53,0,0,0
Hinjawadi,Shop,"Phase Ii, Near Shell Petrol Pump, Above Icici Bank (1St Floor)",504.0,40000,0,120000,40000,79.37,0,0,0
Hinjawadi,Office,"Gera'S Imperium Rise, Hinjawadi Phase 2 Road, Hinjawadi Phase Ii, Hinjewadi Rajiv Gandhi Infotech Park, Hinjawadi, Pune, Maharashtra, India, Opposite Wipro",528.0,45000,0,100000,45000,85.23,0,0,0
Hinjawadi,Office,"Nashik Phata Rd, Hotel Govind Garden",517.0,30000,2000,100000,32000,58.03,0,0,0
Hinjawadi,Office,"Hinjawadi Phase 3, Tata Consultancy Services Limited",422.0,70000,8000,420000,78000,165.88,0,0,0
Hinjawadi,Commercial,"Injawadi Rajiv Gandhi Infotech Park, Streets Of Europe",275.0,26000,3000,40000,29000,94.55,0,0,0
Hinjawadi,Office,"Wipro Circle, Ibis Pune Hinjewadi",422.0,22000,0,66000,22000,52.13,0,0,0
Hinjawadi,Office,"Destination, 24, Maan Rd, Next To Godrej, Phase 1, Hinjawadi Rajiv Gandhi Infotech Park, Hinjawadi, Pune, Pimpri-Chinchwad, Maharashtra 411057, Destination Hinjawadi",260.0,35000,0,100000,35000,134.62,0,0,0
Hinjawadi,Office,"Hinjewadi,Pimpri Chinchwad Pune, Phase 1, Hinjewadi Rajiv Gandhi Infotech Park, Hinjawadi",422.0,40000,7000,240000,47000,94.79,0,0,0
Hinjawadi,Office,"Hinjawadi Rajiv Gandhi Infotech Park, Wipro Circle",64.0,70000,5000,225000,75000,1093.75,0,0,1
Hinjawadi,Office,"Phase 2 , Wipro Technologies Limited",515.0,35000,0,100000,35000,67.96,0,0,0
Hinjawadi,Office,"Phase 1 , Radisson Blu Pune Hinjawadi",500.0,95000,9000,500000,104000,190.0,0,0,0
Hinjawadi,Shop,"Hinjawadi Rajiv Gandhi Infotech Park, Lemon Tree Hotel",200.0,19000,2000,100000,21000,95.0,0,0,0
Hinjawadi,Shop,"Maan Rd , Kannu Ki Chai Maan Road Hinjewadi Phase 1",200.0,15000,0,50000,15000,75.0,0,0,0
Hinjawadi,Shop,"Hinjewadi Phase 1 Road, Hinjewadi Phase 1 Road",198.0,25000,4500,75000,29500,126.26,0,0,0
Hinjawadi,Office,"Phase 2 Road, Haldiram'S",400.0,45000,0,100000,45000,112.5,0,0,0
Hinjawadi,Office,"Rajiv Gandi Infotech Park , Ibis Pune Hinjewadi",600.0,32000,0,150000,32000,53.33,0,0,0
Hinjawadi,Office,"Suratwala Mark Plazzo, Opp Dmart Hinjewadi And Kfc",518.0,35000,0,100000,35000,67.57,0,0,0
Hinjawadi,Shop,"Phase 1, Near Wipro Circle , Maan Rd , Kannu Ki Chai Maan Road Hinjewadi Phase 1",110.0,22000,0,75000,22000,200.0,0,0,0
Hinjawadi,Office,"Hinjewadi Rajiv Gandhi Rd, Ibis Pune Hinjewadi",685.0,45000,6000,200000,51000,65.69,0,0,0
Hinjawadi,Office,"Hinjawadi Phase 2 Road, Hinjawadi Phase 2 Road,Wipro Circle",412.0,23000,0,50000,23000,55.83,0,0,0
Hinjawadi,Office,"Hinjawad, Metro Station Vipro2",400.0,36000,0,108000,36000,90.0,0,0,0
Hinjawadi,Office,"Hinjawadi Phase 2 Rd, , Gera'S Imperium Rise And Infosys",400.0,25000,0,62500,25000,62.5,0,0,0
Hinjawadi,Office,"Gera?S Imperium Rise, Rejeev Gandhi Info Tech Park, Wipro Circle Hinjewadi , Wipro Circle",423.0,22000,0,40000,22000,52.01,0,0,0
Hinjawadi,Warehouse,"Wakad Hinjawadi Road Behind Titan Shop, Near Central Bank ,Panchratna Nagar",422.0,30000,0,60000,30000,71.09,0,0,0
Kharadi,Shop,"Riverfront Road , Staybird - B Suite, Business Hotel",420.0,35000,0,140000,35000,83.33,0,0,0
Kharadi,Office,"Eon Free Zone Road, Starbucks - Eon Tech Park (S041)",430.0,36000,3300,144000,39300,83.72,0,0,0
Kharadi,Office,"Platinum Tower, Reliance Mall",57.0,70000,0,210000,70000,1228.07,0,0,1
Kharadi,Office,"Ashok Nagar, Balaji Hospital Kharadi",310.0,21000,0,50000,21000,67.74,0,0,0
Kharadi,Shop,"Kharadi-Hadapsar Bypass Rd, Bigbasket Daily Store",600.0,65000,0,300000,65000,108.33,0,0,0
Kharadi,Office,"Ashok Nagar, Near City Vista - Kolte Patil Developers",550.0,50000,0,300000,50000,90.91,0,0,0
Kharadi,Office,"Ahmednagar Solapur Bypass Road, Nyati Enthral",266.0,65000,21522,150000,86522,244.36,0,0,0
Kharadi,Office,"Eon It Park, Near Irani Cafe - Kharadi",430.0,38000,0,120000,38000,88.37,0,0,0
Kharadi,Office,"Vitthal Nagar, Gera Trinity Towers, , Near Eon It Park Ph 2 ,Opp Gera Banglow Kharadi Pune",410.0,25000,0,75000,25000,60.98,0,0,0
Kharadi,Office,"Grant Rd, Eon It Park",300.0,25000,0,75000,25000,83.33,0,0,0
Kharadi,Office,"Thite Vasti, Tithe Nagar, Atithi Veg Banquet Hall",50.0,150000,17000,900000,167000,3000.0,0,0,1
Kharadi,Office,"Riverfront Rd, Thite Nagar, Krishna Sweets",400.0,193000,0,579000,193000,482.5,0,0,0
Kharadi,Office,"Near Panchshil Towers Road, Yoo Villas",800.0,100000,14000,400000,114000,125.0,0,0,0
Kharadi,Office,"Grant Road, Vitthal Nagar, Geras Imperium Alpha",465.0,35000,0,110000,35000,75.27,0,0,0
Kharadi,Office,"Kharadi, Stellar Spaces, Kharadi",932.0,78000,8500,360000,86500,83.69,0,0,0
Kharadi,Office,"Thite Nagar, City Pride Multiplex - Kharadi",343.0,70000,20000,300000,90000,204.08,0,0,0
Kharadi,Office,"Old Mundhwa Rd, Tukaram Nagar, Reliance Smart Superstore",250.0,20000,0,40000,20000,80.0,0,0,0
Kharadi,Office,"Grant Rd, Zensar Knowledge Park",675.0,30000,0,100000,30000,44.44,0,0,0
Kharadi,Office,"Grant Rd, Vitthal Nagar, Near Eon It Park",585.0,36000,3500,125000,39500,61.54,0,0,0
Kharadi,Office,"Kharadi Road , Near Old Saibaba Mandir",430.0,30000,0,90000,30000,69.77,0,0,0
Kharadi,Office,"Kharadi, Eon Free Zone",565.0,35000,0,105000,35000,61.95,0,0,0
Kharadi,Office,"Old Mundhwa Rd, The Platinum Towers",797.0,62000,0,400000,62000,77.79,0,0,0
Kharadi,Office,"Lane Number 2, Reliance Smart Superstore",100.0,75000,0,300000,75000,750.0,0,0,1
Kharadi,Commercial,"Krishna Complex, Near T.I.M.E. Kharadi - Best Cat Coaching Institute",500.0,135000,0,810000,135000,270.0,0,0,0
Kharadi,Office,"Gwxq+M3W, Sr.No. 12/1A, Mundhwa-Kharadi Bypass, Kharadi South Main Road, Thite Nagar, Kharadi, Pune, Maharashtra 411014, Nyati Enthral",850.0,80000,0,320000,80000,94.12,0,0,0
Shivajiaagar,Office,"Chhatrapati Shivaji Maharaj Rd, City Pride Mangala Multiplex",250.0,21000,750,50000,21750,84.0,0,0,0
Shivajiaagar,Office,"Jangli Maharaj Road , Balgandharva Metro Station",360.0,80000,0,250000,80000,222.22,0,0,0
Shivajiaagar,Shop,"Fergusson College Rd, Starbucks Coffee",300.0,35000,0,100000,35000,116.67,0,0,0
Shivajiaagar,Office,"Shivajinagar, Hardikar Hospital",200.0,65000,0,250000,65000,325.0,0,0,0
Shivajiaagar,Office,"Fergusson College Rd, Dnyaneshwar Paduka Chowk",370.0,35000,0,100000,35000,94.59,0,0,0
Shivajiaagar,Office,"Jangali Maharaj Road, Near Hotel Panchali (Pure Veg)",700.0,38000,3000,150000,41000,54.29,0,0,0
Shivajiaagar,Office,"Ganesh Society,, In Front Of Imd Guest House",450.0,35000,0,140000,35000,77.78,0,0,0
Shivajiaagar,Office,"Fergusson College Road,Model Colony, Oppo. Police Ground",250.0,70000,0,250000,70000,280.0,0,0,0
Shivajiaagar,Office,"Jangali Maharaj Rd, Near Hotel Panchali , Opposite Jangali Mahara Temple",585.0,50000,0,100000,50000,85.47,0,0,0
Shivajiaagar,Office,"Congress Bhavan Road Jm Road Shivaji Nagar , Hotel Pearl",150.0,110000,5000,660000,115000,733.33,0,0,1
Shivajiaagar,Office,"Jm Road, P.Mt Bus Stop",210.0,25500,1000,85000,26500,121.43,0,0,0
Shivajiaagar,Office,"Fergusson College Road, Millenium Plaza",503.0,60000,0,360000,60000,119.28,0,0,0
Shivajiaagar,Office,"J M Road, Opp Jungli Maharaj Temple, Sudama Garden Restaurant",200.0,90000,3000,500000,93000,450.0,0,0,0
Shivajiaagar,Office,"D Gold House, Dnayaneshwar Paduka Chowk, Bpcl Petrol Pump",650.0,55000,3000,180000,58000,84.62,0,0,0
Shivajiaagar,Office,"Fc College Rd,Ganeshwadi, Haldiram'S",430.0,50000,6000,250000,56000,116.28,0,0,0
Shivajiaagar,Office,"Fc Rd , Ganeshwadi, Venus Traders And Stationery",200.0,110000,0,400000,110000,550.0,0,0,1
Shivajiaagar,Office,"Fergusson College Road,",720.0,80000,0,250000,80000,111.11,0,0,0
Shivajiaagar,Office,"1202/32, Bhagya, Apte Road, Deccan Gymkhana, Santosh Bakery",360.0,55000,1200,200000,56200,152.78,0,0,0
Shivajiaagar,Office,"Fergusson College Rd (Fc Rd) , Millenium Plaza",4.0,90000,0,450000,90000,22500.0,0,1,1
Shivajiaagar,Office,"Senapati Bapat Rd , Model Colony , The Pavillion Mall",400.0,75000,0,200000,75000,187.5,0,0,0
Shivajiaagar,Office,"Pune University Rd, Centro",850.0,95000,0,600000,95000,111.76,0,0,0
Shivajiaagar,Office,"Thube Park, Sancheti Hospital",650.0,45000,0,300000,45000,69.23,0,0,0
Shivajiaagar,Office,"Near State Bank Atm, Shivaji Nagar Metro Station",90.0,140000,0,800000,140000,1555.56,0,0,1
Shivajiaagar,Office,"Vamanrao Malhar Joshi Marg, Vamanrao Malhar Joshi Marg",350.0,25000,0,50000,25000,71.43,0,0,0
Shivajiaagar,Office,"Shivaji Nagar, Bajaj Corporate Office",850.0,150000,0,1000000,150000,176.47,0,0,0
Hadapsar,Shop,"Shinde Vasti,, Sun Sapphire A Wing, Shinde Vasti,, Sun Sapphire A Wing",200.0,15000,0,90000,15000,75.0,0,0,0
Hadapsar,Office,"Pune Solapur Road, Near Magar Patha",740.0,26000,0,50000,26000,35.14,0,0,0
Hadapsar,Office,"Mundwa - Kharadi Road, Near Amanora School",732.0,60000,7320,240000,67320,81.97,0,0,0
Hadapsar,Shop,"Solapur Highway, Shewalewadi, Hotel Rajyog",250.0,35000,0,125000,35000,140.0,0,0,0
Hadapsar,Office,"Solapur Road, Mega Center",427.0,38000,0,80000,38000,88.99,0,0,0
Hadapsar,Office,"Solapur Road Highway, Icenter - Apple Service Center",285.0,20000,0,63000,20000,70.18,0,0,0
Hadapsar,Office,"Amanora Park Town Main Road, Future Towers",732.0,60000,0,200000,60000,81.97,0,0,0
Hadapsar,Office,"Handewadi Road, Etasha Society",850.0,20000,0,90000,20000,23.53,0,0,0
Hadapsar,Warehouse,"Mantri Market Sasane Nagar Rd, Union Bank Of India",560.0,70000,0,100000,70000,125.0,0,0,0
Hadapsar,Shop,"Pune - Solapur Rd ,Magarpatta, Noble Hospital Hadapsar Pune",410.0,35000,0,100000,35000,85.37,0,0,0
Hadapsar,Office,"Manjri Road, Behind Vedant Pinakin",400.0,150000,0,225000,150000,375.0,0,0,0
Hadapsar,Office,"Magarpatta Road, Opp Seasons Mall Magarpatta",273.0,88000,0,300000,88000,322.34,0,0,0
Hadapsar,Office,"Pune Solapur Road, Near Magarpatta City",310.0,17500,0,40000,17500,56.45,0,0,0
Hadapsar,Warehouse,"Sarthak Society Road, Sarthak Society Road",100.0,25000,0,75000,25000,250.0,0,0,0
Hadapsar,Office,"2102A Dp Road, Near Chintamani Medical",750.0,35000,0,100000,35000,46.67,0,0,0
Hadapsar,Shop,"Pune - Solapur Rd, Near Mega Center, Magarpatta,, Vijay Sales - Hadapsar Magarpatta",660.0,60000,5000,200000,65000,90.91,0,0,0
Hadapsar,Office,"Hadapsar , Gadital, Hadapsar",600.0,47000,0,150000,47000,78.33,0,0,0
Hadapsar,Shop,"Kale Borate Nagar Rd, Balaji Super Market",130.0,6500,250,20000,6750,50.0,0,0,0
Hadapsar,Office,"Solapur - Pune Highway, Vaibhav Theatre Complex",400.0,43000,0,135000,43000,107.5,0,0,0
Hadapsar,Showroom,"Pune - Solapur Highway Bhaji Mandi Chowk, Monginis Cake Shop",700.0,150000,5000,600000,155000,214.29,0,0,0
Hadapsar,Office,"Pune - Solapur Rd, Amoka Traders",264.0,32000,0,100000,32000,121.21,0,0,0
Hadapsar,Office,"Mahadik House, Bhosle Garden , Near Pragati Driving School",400.0,135000,0,400000,135000,337.5,0,0,0
Hadapsar,Shop,"Wadekar Wasti Road, Near The Cult Restaurant",335.0,30000,0,150000,30000,89.55,0,0,0
Hadapsar,Shop,"Hadapsur Mundva, The Atrium At Magarpatta",247.0,25000,0,100000,25000,101.21,0,0,0
Hadapsar,Shop,"Pune-Solapur Highway, Gadital,Hadapsar, Pmt Bus Depot",624.0,49000,5200,100000,54200,78.53,0,0,0
Pimpri Chinchwad,Shop,"Wakad Pune , Near Maharastra Tayre",538.0,35000,700,100000,35700,65.06,0,0,0
Pimpri Chinchwad,Shop,"Bijli Nagar,Chinchwad, Near Hanuman Temple",120.0,25000,900,70000,25900,208.33,0,0,0
Pimpri Chinchwad,Office,"Ajantha Nagar, Kundan Hyundai Pimpri Chinchwad",85.0,68000,0,440000,68000,800.0,0,0,1
Pimpri Chinchwad,Office,"Thermax Chowk , Kundan Hyundai Pimpri Chinchwad",735.0,40000,0,150000,40000,54.42,0,0,0
Pimpri Chinchwad,Office,"Ravet Central St, Celestial City Phase 2",450.0,30000,0,125000,30000,66.67,0,0,0
Pimpri Chinchwad,Shop,"Shegun Society Near Pumbai Gate Family Garden And Restaurant Veg - Non Veg, Shegun Society",236.0,12000,0,50000,12000,50.85,0,0,0
Pimpri Chinchwad,Shop,"Ravet, Near Dmart",247.0,32000,0,100000,32000,129.55,0,0,0
Pimpri Chinchwad,Office,"Wipro Circle, Wipro Circle",526.0,25000,0,75000,25000,47.53,0,0,0
Pimpri Chinchwad,Office,"A-77, Near Spree Hotel And Morwadi Court",300.0,150000,0,1000000,150000,500.0,0,0,0
Pimpri Chinchwad,Shop,"Mumbai Pune Road Next To Jain Temple, Mayur Restaurant - Chinchwad",492.0,60000,0,350000,60000,121.95,0,0,0
Pimpri Chinchwad,Shop,"Kasarwadi, Pune-Mumbai Hwy, Hotel Kalasagar",675.0,79000,10000,300000,89000,117.04,0,0,0
Pimpri Chinchwad,Office,"Aher, Shoppers Mall",385.0,30000,0,100000,30000,77.92,0,0,0
Pimpri Chinchwad,Shop,"Jawakar Nagar, Pimple Gurav, Summer 9 Family Restaurant & Bar",220.0,12000,501,50000,12501,54.55,0,0,0
Pimpri Chinchwad,Shop,"Mahadev Balaji Landge Road Near Rto Pimpri Chinchwad, Moshi Pradhikaran Pune",200.0,24000,0,100000,24000,120.0,0,0,0
Pimpri Chinchwad,Office,"Mumbai Pune National Highway, Bhosari/Nashikphata Metro Station",325.0,32000,0,200000,32000,98.46,0,0,0
Pimpri Chinchwad,Office,"Bhumakar Chowk,Near Amore Spa, Near Kasturi Chowk",92.0,75000,8800,250000,83800,815.22,0,0,1
Pimpri Chinchwad,Office,"Sambhaji Nagar, Hotel Shipra",400.0,23000,200,50000,23200,57.5,0,0,0
Pimpri Chinchwad,Office,"Gera Imperium Gateway Building A, Nashik Fata, Bhosri Metro Station",256.0,28000,0,100000,28000,109.38,0,0,0
Pimpri Chinchwad,Office,"Nashik Phata Flyover, Bhosari Metro Station(Nashik Phata)",250.0,28000,0,80000,28000,112.0,0,0,0
Pimpri Chinchwad,Shop,"Datta Mandir Rd, , Near Polaris Healthcare",359.0,40000,0,150000,40000,111.42,0,0,0
Pimpri Chinchwad,Office,"Govind Garden Chowk, Imex Hospital- Best Multi Speciality I Best Physician I Icu I Trauma Center I Gynaecology I Ortho Hospital In Pimple Saudagar",300.0,100000,0,300000,100000,333.33,0,0,0
Pimpri Chinchwad,Office,"Midc Rd, Gharonda Veg. Restaurant",914.0,70000,7500,300000,77500,76.59,0,0,0
Pimpri Chinchwad,Office,"Morewadi, Old Mumbai Rd, Vijay Sales - Chinchwad",507.0,35000,3500,150000,38500,69.03,0,0,0
Pimpri Chinchwad,Office,"New Dp Road, Stylette Family Salon",200.0,100000,12000,600000,112000,500.0,0,0,0
Pimpri Chinchwad,Office,"Bhosari-Alandi Road,Jai Maharashtra Chowk, Sakhubai Gabaji Gawali Garden",400.0,55000,0,250000,55000,137.5,0,0,0
Kalewadi,Warehouse,"Panchnath Devasthan Kalewadi Main Road Gaon, Naadbramha Idli, Kalewadi",300.0,10500,0,25000,10500,35.0,0,0,0
Kalewadi,Office,"Near Jyotiba Mangal Karyalay, Near Gupta Kirana Wholesale",280.0,14000,0,40000,14000,50.0,0,0,0
Kalewadi,Office,"Ware Classics Building, Kalewadi Main Road , Next To Bharati Hospital",550.0,12000,0,60000,12000,21.82,0,0,0
Kalewadi,Nan,"Vijaynagar, Kairali Bazar",100.0,5000,500,15000,5500,50.0,0,0,0
Kalewadi,Office,"Kalewadi , Bt Memorial High School",200.0,10000,0,50000,10000,50.0,0,0,0
Kalewadi,Shop,"Vaibhav Colony, Jyotiba Mandir Kalewadi Jq9R+8Hm Vaibhav Colony, Kalewadi Pimpri-Chinchwad, Maharashtra 411017 India, Jyotiba Mandir Kalewadi",400.0,35000,0,100000,35000,87.5,0,0,0
Kalewadi,Office,"Vaibhav Colony, Jyotiba Mandir Kalewadi Jq9R+8Hm Vaibhav Colony, Kalewadi Pimpri-Chinchwad, Maharashtra 411017 India, Jyotiba Mandir Kalewadi",350.0,14000,0,30000,14000,40.0,0,0,0
Kalewadi,Shop,"Sneh Colony Rd, Hari Om Plaza",326.0,12500,0,30000,12500,38.34,0,0,0
Kalewadi,Office,"Jq9R+8Hm, Vaibhav Colony, Kalewadi, Pimpri-Chinchwad, Maharashtra 411017, Jyotiba Mandir Kalewadi",270.0,15000,0,50000,15000,55.56,0,0,0
Kalewadi,Office,"Suhani Residency, Behind Prerna Bank, Opp Dmart Thergaon",400.0,9000,0,18000,9000,22.5,0,0,0
Kalewadi,Shop,"Nexas Carnation, Near Athwan Hotel",450.0,90000,3000,500000,93000,200.0,0,0,0
Kalewadi,Shop,"Soham, Shivratna Colony, Pachpir Chowk",300.0,12000,0,35000,12000,40.0,0,0,0
Kalewadi,Shop,"Kalewadi Rd, Koteshwar Petroleum",280.0,10000,0,30000,10000,35.71,0,0,0
Kalewadi,Office,"Pachpir Chowk, Hedgewar Road, Hotel Athvan Bar And Restaurant",160.0,8500,0,15000,8500,53.12,0,0,0
Kalewadi,Shop,"Vaibhav Colony, Jyotiba Mandir Kalewadi",187.0,15000,0,30000,15000,80.21,0,0,0
Kalewadi,Shop,"Hedgewar Road, Kalewadi, Hotel Athvan Bar And Restaurant",250.0,14000,0,30000,14000,56.0,0,0,0
Kalewadi,Shop,"Kalewadi, Near Anand Hospital",200.0,15000,0,30000,15000,75.0,0,0,0
Kalewadi,Shop,"Kalewadi Main Rd,, Stree Hospital",163.0,16000,0,30000,16000,98.16,0,0,0
Kalewadi,Commercial,"Sai Plaza, Nadhe Nagar, Opp. Jyotiba Mandir And Above Rajbhoj Sweet,",200.0,10000,1500,30000,11500,50.0,0,0,0
Kalewadi,Shop,"Kalewadi , Near Sunlite Bakery",350.0,32000,0,100000,32000,91.43,0,0,0
Kalewadi,Shop,"Amar Deep Colony 1, Deep Automobiles",150.0,10000,0,25000,10000,66.67,0,0,0
Kalewadi,Shop,"Kalewadi Main Rd, , Near Akshay Mini Market",250.0,12000,0,50000,12000,48.0,0,0,0
Kalewadi,Shop,"Adarsh Nagar , Near Koteshwar Petroleum",162.0,10000,0,30000,10000,61.73,0,0,0
Kalewadi,Commercial,"Moraya Colony Road,Brt Road,Kalewadi, Moraya Colony Road",500.0,30000,0,100000,30000,60.0,0,0,0
Kalewadi,Office,"Vaibhav Colony , Jyotiba Mandir",180.0,12000,0,35997,12000,66.67,0,0,0
Wakad,Shop,"Wakad Pune , Near Maharastra Tayre",538.0,35000,700,100000,35700,65.06,0,0,0
Wakad,Office,"Bhumakar Chowk,Near Amore Spa, Near Kasturi Chowk",92.0,75000,8800,250000,83800,815.22,0,0,1
Wakad,Shop,"Datta Mandir Rd, , Near Polaris Healthcare",359.0,40000,0,150000,40000,111.42,0,0,0
Wakad,Office,"Dhange Chowk Rd, Royal Enfield Service Center - Kings Royal Riders",591.0,33000,0,100000,33000,55.84,0,0,0
Wakad,Office,"Bhujbal Chowk, Near Hinjewadi Flyover",501.0,42000,0,150000,42000,83.83,0,0,0
Wakad,Shop,"Wakad - Bhosari Brts Rd, Copa Villa",288.0,35000,0,140000,35000,121.53,0,0,0
Wakad,Office,"Near Dange Chowk, Wakad",330.0,20000,0,40000,20000,60.61,0,0,0
Wakad,Office,"Bhumkar Chowk Road, Sheetal Pure Veg Restaurant",540.0,39000,0,150000,39000,72.22,0,0,0
Wakad,Office,"Aundh-Wakad Rd Vishal Nagar, Pimple Nilakh Pimpri-Chinchwad,, Shraddha Terrace",100.0,35000,5000,150000,40000,350.0,0,0,0
Wakad,Office,"Vishnu Dev Nagar, Wakad, Pimpri-Chinchwad, Maharashtra, India, Wakad",400.0,24000,0,96000,24000,60.0,0,0,0
Wakad,Office,"Bhujbal Vasti, Hinjewadi-Wakad Flyover, Sanyog Bar & Restaurant, Bhujbal Vasti, Wakad, Pimpri-Chinchwad, Maharashtra, India",550.0,35000,0,150000,35000,63.64,0,0,0
Wakad,Office,"Kaspate Vasti Road, Fortune Business Center",260.0,15500,0,50000,15500,59.62,0,0,0
Wakad,Office,"Pune Bangalore Highway, Jaguar Ace Perkins",850.0,35000,0,75000,35000,41.18,0,0,0
Wakad,Shop,"Near Pink City Wakad, Near Euro School",280.0,45000,0,200000,45000,160.71,0,0,0
Wakad,Office,"Bhujbal Chowk, Bp Petrol Pump",415.0,77000,7000,400000,84000,185.54,0,0,0
Wakad,Office,"Pink Society, Café Peter - Wakad",310.0,24000,0,75000,24000,77.42,0,0,0
Wakad,Office,"Aundh-Ravet Rd, Mcdonalds 16 No Bus Stop",200.0,45000,500,100000,45500,225.0,0,0,0
Wakad,Office,"Bhumkar Chowk Road, Near Mumbai Banglore Pune Highway",600.0,25000,0,100000,25000,41.67,0,0,0
Wakad,Office,"Wakad Business Bay, Hotel Tiptop International",474.0,27000,3500,75000,30500,56.96,0,0,0
Wakad,Office,"Shankar Kalat Nagar, Bhumkar Chowk",315.0,20000,0,50000,20000,63.49,0,0,0
Wakad,Shop,"Dange Chowk Rd Near, Cafe Brews",650.0,40000,0,150000,40000,61.54,0,0,0
Wakad,Office,"Chatrapati Chowk,Kaspate Wasti, Punjab National Bank",415.0,25000,3500,75000,28500,60.24,0,0,0
Wakad,Shop,"Bhumkar Nagar , Wisteriaa Fortune",468.0,25000,0,100000,25000,53.42,0,0,0
Wakad,Showroom,"Thergaon, Abc Nirman Building",320.0,75000,1400,200000,76400,234.38,0,0,0
Wakad,Office,"Mumbai Bangalore Highway ,City Avenue Commercial M Building, Phoenix Mall",500.0,33000,0,100000,33000,66.0,0,0,0
Viman Nagar,Office,"Solitare Business Hub, Phoenix Market City",700.0,260000,32000,1200000,292000,371.43,0,0,0
Viman Nagar,Office,"Viman Nagar, 200 Meter Away From Viman Nagar Metro, Ramwadi Metro Station",900.0,77000,0,150000,77000,85.56,0,0,0
Viman Nagar,Office,"Near Hyatt Regency, Hyatt Regency Pune",760.0,66500,6500,195000,73000,87.5,0,0,0
Viman Nagar,Office,"Datt Mandir Chowk, Near Apollo Clinic",425.0,28000,3200,65000,31200,65.88,0,0,0
Viman Nagar,Office,"Sakore Nagar, Viman Nagar, Pune, Indira Ivf, ?????????? ?????, Near Airport Road, Near ????????? ?????, Sakore Nagar, Viman Nagar, Pune, Maharashtra, India",680.0,50000,0,125000,50000,73.53,0,0,0
Viman Nagar,Office,"Sakore Nagar,, Hyatt Regency Pune & Residences",430.0,30000,0,90000,30000,69.77,0,0,0
Viman Nagar,Office,"Nagar Rd, Four Points By Sheraton Hotel & Serviced Apartments, Pune",910.0,55000,0,220000,55000,60.44,0,0,0
Viman Nagar,Office,"Datta Mandir Chowk, Sakore Nagar, Panchshil Business Park - Tower B",26.0,75000,0,300000,75000,2884.62,0,1,1
Viman Nagar,Office,"Datta Mandir Chokk , Nagar Rd , Viman Palace",550.0,25700,0,75000,25700,46.73,0,0,0
Viman Nagar,Shop,"New Airport Road, Symbiosis College",570.0,45000,0,200000,45000,78.95,0,0,0
Viman Nagar,Office,"Viman Nagar Rd, Tanishq Jewellery",350.0,114999,11000,588000,125999,328.57,0,0,0
Viman Nagar,Office,"Neco Garden, N Main Rd, Phenix Mall",300.0,65000,4500,200000,69500,216.67,0,0,0
Viman Nagar,Office,"Neco Garden, N Main Rd, Phenix Mall",800.0,80000,5500,240000,85500,100.0,0,0,0
Viman Nagar,Office,"Clover Park, Baker Gauges India Pvt Ltd (Machine Shop)",724.0,95000,0,600000,95000,131.22,0,0,0
Viman Nagar,Office,"Vip Road, Ramwadi Metro Station",906.0,60000,9200,200000,69200,66.23,0,0,0
Viman Nagar,Office,"Airport Road, Dnk Square",200.0,85000,8000,200000,93000,425.0,0,0,0
Viman Nagar,Office,"Main Road, Giga Space",500.0,550000,45000,3000000,595000,1100.0,0,0,1
Viman Nagar,Shop,"Phoenix Market City, Clover Park, Panchashil Commins",592.0,70000,0,240000,70000,118.24,0,0,0
Viman Nagar,Office,"Clover Park., Near Phoenix Market",231.0,1821000,0,18200000,1821000,7883.12,0,0,1
Viman Nagar,Office,"Turning Point, Next To Irani Cafe",670.0,60000,0,180000,60000,89.55,0,0,0
Viman Nagar,Office,"Pune Nagar Road, Hyatt Hotel, Beside Bajaj Finserv",608.0,45000,5000,150000,50000,74.01,0,0,0
Viman Nagar,Commercial,"Gulmohar Centre Point Opp Phenoix Mall, Viman Nagar",380.0,18000,0,50000,18000,47.37,0,0,0
Viman Nagar,Shop,"Shop No. 3 Neco Garden, N Main Rd, Sakore Nagar, Viman Nagar, Pune, Maharashtra 411014 Near Neco Garden, Neco Garden",450.0,85000,0,425000,85000,188.89,0,0,0
Viman Nagar,Office,"5Th Mile Stone, Four Points By Sheraton Hotel & Serviced Apartments",500.0,938000,850,5625000,938850,1876.0,0,0,1
Viman Nagar,Office,"Sakore Nagar,, Novotel Pune Nagar",570.0,150000,0,900000,150000,263.16,0,0,0
Swargate,Shop,"Ghorpade Peth Rd, Ghorpade Peth Post Office",180.0,22000,0,100000,22000,122.22,0,0,0
Swargate,Office,"Chhatrapati Shivaji Maharaj Rd, Sheti Udyog Bhandar",200.0,60000,0,200000,60000,300.0,0,0,0
Swargate,Office,"Shukrwar Peth Swargate, State Bank Of India",300.0,22000,2000,60000,24000,73.33,0,0,0
Swargate,Shop,"Ghorpade Peth, Mehta Motor Driving School",120.0,12000,0,50000,12000,100.0,0,0,0
Swargate,Shop,"Maharana Pratap Singh Rd Near Tulsi Digital Photo Studio & Colour Lab, Tulsi Digital Photo Studio & Colour Lab",220.0,16000,0,50000,16000,72.73,0,0,0
Swargate,Shop,"Shankar Sheth Road, Hotel 7 Loves",300.0,30000,0,100000,30000,100.0,0,0,0
Swargate,Office,"Swargate, Kumar Pacific Mall",200.0,570000,0,5000000,570000,2850.0,0,0,0
Swargate,Warehouse,"Ekbote Colony, Avior Aatman",300.0,15000,0,25000,15000,50.0,0,0,0
Swargate,Office,"Poornima Tower,Shankar Seth Rd , Saraswati Petrol Pump",480.0,25000,0,50000,25000,52.08,0,0,0
Swargate,Office,"Shivaji Road, 505 Ghorpade Peth, Dr Chillal Multispeciality Clinic",730.0,25000,0,50000,25000,34.25,0,0,0
Swargate,Office,"Swargate, Near Dhobi Ghat",100.0,7000,0,20000,7000,70.0,0,0,0
Swargate,Office,"Shankar Sheth Road, 7 Loves Chowk",200.0,15000,0,100000,15000,75.0,0,0,0
Swargate,Warehouse,"Pune-Satara Rd, Bharat Petroleum, Petrol Pump -Saraswati Auto Services",350.0,20000,0,120000,20000,57.14,0,0,0
Swargate,Shop,"Ghorpade Peth,, Dr. Nitin Deshpande",550.0,15000,0,60000,15000,27.27,0,0,0
Swargate,Showroom,"Shankar Sheth Rd, Hdfc Bank",800.0,170000,0,500000,170000,212.5,0,0,0
Swargate,Shop,"Shukrawar Peth - Mahatma Gandhi Rd,, Near Khadak Ganpati Temple",200.0,30000,0,60000,30000,150.0,0,0,0
Swargate,Warehouse,"Ghorpade Peth , Dnyandeep Co-Op Credit Society Ltd.",189.0,9000,0,50000,9000,47.62,0,0,0
Swargate,Warehouse,"591, Khadak Mal Ali Behind Khadak Ganesh Temple",100.0,8000,0,25000,8000,80.0,0,0,0
Swargate,Shop,"Chhatrapati Shivaji Maharaj Rd, Shri Renuka Mata",600.0,65000,0,500000,65000,108.33,0,0,0
Swargate,Office,"B-3 Dnyaneshwar Gadiwan Road, Khadakmal Church",100.0,15000,0,20000,15000,150.0,0,0,0
Swargate,Office,"Parvati Industrial Estate, Near Bus Depot, , Shri Laxmi Co-Op Bank Ltd Pune",400.0,30000,0,100000,30000,75.0,0,0,0
Swargate,Shop,"54/Ep/174 Lohiya Nagar Pune, Near Fire Brigade",100.0,7000,0,30000,7000,70.0,0,0,0
Swargate,Office,"Sinhgad Road, Dandekar Bridge",162.0,8000,300,16000,8300,49.38,0,0,0
Swargate,Shop,"Ghorpade Peth Rd , Mahanagar Palika",200.0,75000,3000,375000,78000,375.0,0,0,0
Swargate,Shop,"Ghorpade Peth Road, Ghorpade Peth Post Office",180.0,22000,0,100000,22000,122.22,0,0,0
Yerwada,Office,"Samrat Ashok Rd, Dharma Hospital,Aditya Hospital",200.0,32000,0,96000,32000,160.0,0,0,0
Yerwada,Shop,"Nawanagar, Amrutlal Premchand Jewellers",83.0,25000,0,50000,25000,301.2,0,0,0
Yerwada,Shop,"Maharashtra Co-Operative Housing Society, Yerawada Sub Post Office",178.0,25000,0,100000,25000,140.45,0,0,0
Yerwada,Office,"Sangamwadi Road , Shadal Baba Dargha",525.0,30000,0,100000,30000,57.14,0,0,0
Yerwada,Office,"Shastrinagar , Neney'S Hospital",650.0,32000,0,100000,32000,49.23,0,0,0
Yerwada,Shop,"Relax Salon Gvxp+W68 Kamraj Nagar Rd, Near Rakes Provision Store, Navi Khadki, Yerawada Pune, Maharashtra 411006 India, Ganesh Nagar, Near Maharashtra Suppliers",200.0,15000,0,50000,15000,75.0,0,0,0
Yerwada,Shop,"Old Airport Road Nagpur Chawal, Near Mk Electronics",175.0,15000,0,25000,15000,85.71,0,0,0
Yerwada,Office,"Golf Club Rd, Nisarg Co.Op.Hsg.Society",200.0,80000,1000,300000,81000,400.0,0,0,0
Yerwada,Shop,"Pratik Nagar Road, Pratik Nagar Road",429.0,20000,0,45000,20000,46.62,0,0,0
Yerwada,Shop,"Nagar Rd, , Near Kataria Hospital",250.0,25000,0,75000,25000,100.0,0,0,0
Yerwada,Warehouse,"Gunjan Chowk,",565.0,30000,0,50000,30000,53.1,0,0,0
Yerwada,Office,"Nagar Road, Nagar Road",567.0,30000,0,60000,30000,52.91,0,0,0
Yerwada,Shop,"Wadar Wasti Kamrajnagar, Kumar Parnakuti",350.0,35000,0,50000,35000,100.0,0,0,0
Yerwada,Office,"Nagpur Chawl Road, Near Lumbini Garder",375.0,25000,0,75000,25000,66.67,0,0,0
Yerwada,Shop,"Panchshil Techpark Private Limited, Apex Group (Pune)",291.0,180000,0,600000,180000,618.56,0,0,1
Yerwada,Office,"Dnyaneshwar Rd , Mental Corner, Vishrantwadi Police Station",500.0,100000,0,600000,100000,200.0,0,0,0
Yerwada,Shop,"Airport Rd, Subhash Nagar, Near Sai Automobiles Service Station",150.0,20000,0,40000,20000,133.33,0,0,0
Yerwada,Shop,"Nagar Road, Katariya Hospital",100.0,20000,0,50000,20000,200.0,0,0,0
Yerwada,Shop,"Kamraj Nagar Road, Krishna Medico",150.0,15000,2000,50000,17000,100.0,0,0,0
Yerwada,Shop,"Bhaji Mandai , Ganesh Medical",300.0,8000,0,40000,8000,26.67,0,0,0
Yerwada,Office,"Behind Chatrapati Maharaj Statue, Next To Noorie Lab",350.0,12000,0,30000,12000,34.29,0,0,0
Yerwada,Shop,"Husen Shah Baba Road, Dargah Hazrat Husen Shah Baba Rh And Madina Masjid",330.0,15000,0,90000,15000,45.45,0,0,0
Yerwada,Office,"Laxminagar, Shirke Bandhu Mithaiwale",75.0,8000,0,16000,8000,106.67,0,0,0
Yerwada,Shop,"Laxmi Nagar, Near Adbul Hamid Urdu School",100.0,15000,0,50000,15000,150.0,0,0,0
Yerwada,Shop,"Jai Jawan Nagar, Marhabba Chicken & Eggs Suppliers",250.0,10000,0,20000,10000,40.0,0,0,0
Deccan,Office,"Bhandakar Road, Hindu Gymkhana Road",800.0,70000,1000,195000,71000,87.5,0,0,0
Deccan,Office,"Law College Road, Bhandarkar Institute Road",767.0,150000,0,1500000,150000,195.57,0,0,0
Deccan,Office,"Prabhat Road, Prabhat Road",567.0,120000,2000,500000,122000,211.64,0,0,0
Deccan,Office,"Fergusson College Rd, Mcdonald'S",360.0,28000,0,150000,28000,77.78,0,0,0
Deccan,Office,"Pulachi Wadi, Deccan Gymkhana Metro Station",100.0,60000,0,200000,60000,600.0,0,0,1
Deccan,Office,"Law College Rd, Near Ils Law College",500.0,70000,0,200000,70000,140.0,0,0,0
Deccan,Office,"Fegusson College Road, Westside",287.0,20000,0,100000,20000,69.69,0,0,0
Deccan,Office,"Law Collage Road, Opp. Bhadarkar Institute",675.0,75000,0,225000,75000,111.11,0,0,0
Deccan,Office,"Fergusson College Road, Dept Of Psychology Fergusson College",300.0,345000,0,1500000,345000,1150.0,0,0,1
Deccan,Office,"Dnayaneshwar Paduka Chowk, Fc Road, Near Idbi Bank Fc Road",600.0,40000,1666,40000,41666,66.67,0,0,0
Deccan,Office,"Senapati Bapat Road, Symbiosis College Of Arts & Commerce",300.0,24000,0,72000,24000,80.0,0,0,0
Deccan,Office,"Across Fc Rd , Near Times Of India Building Fc Rd",540.0,60000,0,150000,60000,111.11,0,0,0
Deccan,Nan,"Bhandarkar Rd, The Community Hall Pyc Club",900.0,19999,0,60000,19999,22.22,0,0,0
Deccan,Office,"Ganeshwadi, British Library Lane, Fc Road,, Hotel Vaishali",500.0,89000,3000,500000,92000,178.0,0,0,0
Deccan,Office,"Bandharkar Road , Kamala Nehru Park",300.0,150000,0,200000,150000,500.0,0,0,0
Deccan,Office,"Law College Road, Ils Law College",177.0,350000,0,1200000,350000,1977.4,0,0,1
Deccan,Shop,"Jangali Maharaj Rd Pulachi Wadi,, Purab Hotel",200.0,15000,0,40000,15000,75.0,0,0,0
Deccan,Office,"Law College Road, Law College Road",894.0,900000,0,10000000,900000,1006.71,0,0,1
Deccan,Office,"Bhandakar Road , Yes Bank Atm And Dr.Satish Sathe Cardiac Consultancy Center",500.0,400000,0,1600000,400000,800.0,0,0,0
Deccan,Office,"Fergusson College Rd, Fergusson College",100.0,90000,0,360000,90000,900.0,0,0,1
Deccan,Office,"Shivajinagar, Pulachiwadi, R Deccan Theatre, Pulachi Wadi, Deccan Gymkhana, Pune, Maharashtra, India",500.0,32000,0,100000,32000,64.0,0,0,0
Deccan,Commercial,"Deccan Gymkhana Pulachi Wadi, Near Metro Station",100.0,40000,0,100000,40000,400.0,0,0,0
Deccan,Office,"Sadguru Shri, Deccan Gymkhana Pune Metro",900.0,45000,3500,270000,48500,50.0,0,0,0
Deccan,Warehouse,"Prarambha Society, 135/3 Erandwana, Pune, Opp. Joshi Hospital Lane",250.0,20000,0,60000,20000,80.0,0,0,0
Deccan,Office,"Fergusson College Rd,, Fergusson College",500.0,100000,10000,600000,110000,200.0,0,0,0
Magarpatta,Shop,"Magarpatta City Road, The Atrium",310.0,40000,0,100000,40000,129.03,0,0,0
Magarpatta,Shop,"Sinhagad Road, Pune",330.0,25000,2330,75000,27330,75.76,0,0,0
Magarpatta,Commercial,"Nanded City Rd, Dmart Nanded City",250.0,60000,0,300000,60000,240.0,0,0,0
Magarpatta,Shop,"Destination Center 1, D Mart",170.0,12000,0,50000,12000,70.59,0,0,0
Magarpatta,Commercial,"Sarthak Niwas , Nanded City Destination Centere Pune",200.0,7500,0,15000,7500,37.5,0,0,0
Magarpatta,Office,"Destination Centre 1 Nanded City Pune, Nanded City D Mart",980.0,270000,15000,1500000,285000,275.51,0,0,0
Magarpatta,Shop,"Ghule Patil Nagar,, D Mart",250.0,7500,800,20000,8300,30.0,0,0,0
Magarpatta,Office,"Destination Centre-1, , Global Punjab, Nanded City - Sinhgad Road",250.0,250000,0,500000,250000,1000.0,0,0,0
Magarpatta,Shop,"Sinhagad Road, Punjab National Bank",200.0,15000,0,50000,15000,75.0,0,0,0
Magarpatta,Warehouse,"Nanded City Rd,, Dmart",500.0,60000,0,100000,60000,120.0,0,0,0
Magarpatta,Shop,"Destination Center 1, Domino'S Pizza",350.0,30000,0,180000,30000,85.71,0,0,0
Magarpatta,Commercial,"Nanded City Sinhgad Rd, Domino'S Pizza",350.0,30000,0,180000,30000,85.71,0,0,0
Magarpatta,Warehouse,"Kamte Vasti, Wetal Buva Super Market",250.0,6000,0,12000,6000,24.0,0,0,0
Magarpatta,Warehouse,"Ghule Patil Nagar, , Dmart",250.0,100000,0,600000,100000,400.0,0,0,0
Magarpatta,Office,"Pandurang Industrial Area, Near Balaji Enterprises And Stitchwell Ladies Tailors",650.0,6000,0,12000,6000,9.23,0,0,0
Magarpatta,Shop,"Jadhav Rao Wada,, Near Vadjai Mata Mandir",197.0,8000,0,20000,8000,40.61,0,0,0
Magarpatta,Shop,"Jadhav Rao Wada, Nanded Grampanchayat",400.0,15000,0,50000,15000,37.5,0,0,0
Magarpatta,Office,"Sinhagad Road, Nanded City , Amir Chicken",150.0,30000,0,75000,30000,200.0,0,0,0
Magarpatta,Shop,"Nanded City , Pawar Public School",120.0,4000,0,10000,4000,33.33,0,0,0
Magarpatta,Shop,"Sinhgad Rd Nandedcity, Pawar Public School",120.0,6000,0,25000,6000,50.0,0,0,0
Magarpatta,Shop,"Rajaram Karle Path, Tupekar Academy Nanded City",150.0,70000,0,200000,70000,466.67,0,0,0
Magarpatta,Shop,"Jadhav Rao Wada, Vadjai Mata Mandir",100.0,4000,0,10000,4000,40.0,0,0,0
Magarpatta,Shop,"Jadhav Rao Wada , Near Vadjai Mata Mandir",500.0,12000,0,50000,12000,24.0,0,0,0
Magarpatta,Office,"Karle Chowk Kalshree Road Nanded City Pune , Tupekar Academy Nanded City",300.0,45000,0,250000,45000,150.0,0,0,0
Magarpatta,Shop,"Jadhav Rao Wada, , Karle Chowk",200.0,4000,0,10000,4000,20.0,0,0,0
Koregaon Park,Office,"Lane Number 7, Ashok Chakra Society, Meera Nagar,, Next To Marvel Exotica",450.0,37000,0,100000,37000,82.22,0,0,0
Koregaon Park,Office,"Late Ganpat Dulaji Pingle Pat, Ragvilas Society",500.0,30000,0,150000,30000,60.0,0,0,0
Koregaon Park,Office,"Lane No 6, North Main Road",200.0,150000,8000,600000,158000,750.0,0,0,1
Koregaon Park,Office,"Burning Ghat Rd, Koregaon Park, Pune, Opposite Abul Kalam Azad Smarak",550.0,40000,1500,70000,41500,72.73,0,0,0
Koregaon Park,Office,"Platinum Capital, Google Pune Office",925.0,95000,7000,400000,102000,102.7,0,0,0
Koregaon Park,Shop,"Burning Ghat Rd, , Opposite Gera Riverside",225.0,24000,1000,72000,25000,106.67,0,0,0
Koregaon Park,Office,"Gera Legend,Koregaon Park, Opposite Starbucks Cafe",350.0,38000,0,200000,38000,108.57,0,0,0
Koregaon Park,Office,"Koregaon Park Annex,",900.0,48000,0,100000,48000,53.33,0,0,0
Koregaon Park,Office,"Moledina Road, East Wing",300.0,40000,2335,240000,42335,133.33,0,0,0
Koregaon Park,Office,"Galaxy Garden, N Main Rd, Starbucks Coffee",700.0,200000,0,800000,200000,285.71,0,0,0
Koregaon Park,Nan,"N Main Rd, Near Hdfc Bank",400.0,45000,0,250000,45000,112.5,0,0,0
Koregaon Park,Shop,"North Main Road, Kasturbha Gandhi School",250.0,36000,0,63000,36000,144.0,0,0,0
Koregaon Park,Office,"Burning Ghat Road, On Main Road Near Burning Ghat Chowk",200.0,120000,0,720000,120000,600.0,0,0,1
Koregaon Park,Office,"Koregaon Road, St. Mira'S College For Girls",530.0,35000,0,105000,35000,66.04,0,0,0
Koregaon Park,Nan,"North Main Road, Oma",400.0,7000,0,7000,7000,17.5,0,0,0
Koregaon Park,Office,"Opposite Meera Nagar, Ashok Chakra Society, Meera Nagar, Near The Burger House",700.0,80000,0,240000,80000,114.29,0,0,0
Koregaon Park,Commercial,"Vaibhav Niwas, Mit Corner",200.0,4000,0,10000,4000,20.0,0,0,0
Koregaon Park,Office,"15 B North Main Rd Koregaon Park, Near Pujya Kasturba Gandhi English And Marathi Medium School",200.0,30000,0,60000,30000,150.0,0,0,0
Koregaon Park,Nan,"North Main Road, Gatti Chutney-Koregaon Park",500.0,325000,0,1950000,325000,650.0,0,0,1
Koregaon Park,Office,"Koregaon Park Road, Sanas Corner",400.0,150000,2500,600000,152500,375.0,0,0,0
Koregaon Park,Office,"Vasani Nagar, Near St. Mira'S College For Girls",150.0,290000,15000,1800000,305000,1933.33,0,0,1
Koregaon Park,Shop,"Talegaon Chaken Road Manohar Nagar, Surya Hotel",250.0,15000,0,50000,15000,60.0,0,0,0
Koregaon Park,Shop,"Lane 6, Opposite Sanas Residency",320.0,90000,0,550000,90000,281.25,0,0,0
Koregaon Park,Office,"Pingale Wasti, Koregaon Park Annexe, Mu, Pingale Wasti, Koregaon Park Annexe, Mu",900.0,180000,0,750000,180000,200.0,0,0,0
Koregaon Park,Restaurant,"Meera Nagar Garden Society, Meera Nagar, The Hub",400.0,200000,10000,500000,210000,500.0,0,0,0
Pashan,Restaurant,"Baner Rd, Opposite Mabaleshwar Hotel",700.0,400000,32500,2400000,432500,571.43,0,0,1
Pashan,Office,"Pashan Road, Shree Hanuman Temple And Cdac Institute",428.0,70000,0,180000,70000,163.55,0,0,0
Pashan,Showroom,"Baner-Pashan Link Rd , Kumar Shantiniketan Co-Operative Society Phase I",702.0,70000,0,300000,70000,99.72,0,0,0
Pashan,Shop,"Pashan Sutarwadi Link Rd, Blue Bells Aura",200.0,13000,0,50000,13000,65.0,0,0,0
Pashan,Office,"Pashan Sus Road, Sutar Icon",700.0,110000,0,660000,110000,157.14,0,0,0
Pashan,Shop,"New India School Road, Opp.Jansaeva Bank",215.0,50000,500,100000,50500,232.56,0,0,0
Pashan,Shop,"Shiv Nagar, Shivnagar Ganesh Temple",150.0,5000,0,15000,5000,33.33,0,0,0
Pashan,Office,"Doctor Homi Bhabha Road, Doctor Homi Bhabha Road",750.0,80000,0,200000,80000,106.67,0,0,0
Pashan,Office,"Bhuvaneshwar Colony,, Bhuvaneshwar Society",800.0,60000,3500,250000,63500,75.0,0,0,0
Pashan,Office,"8 Someshwar Wadi Road, Near Someshwar Tempal",800.0,30000,0,60000,30000,37.5,0,0,0
Pashan,Office,"Deron Heights, Baner Road, Ranka Jewelers",428.0,145000,0,780000,145000,338.79,0,0,0
Pashan,Office,"Baner - Pashan Link Rd, Near Athashree Astha",825.0,40000,2000,200000,42000,48.48,0,0,0
Pashan,Office,"Baner - Pashan Link Rd, Near Varadshree Society",100.0,40000,0,80000,40000,400.0,0,0,0
Pashan,Shop,"Pashan - Sus Rd, Balaji Chowk, Mont Vert Arcade",260.0,30000,0,100000,30000,115.38,0,0,0
Pashan,Office,"Deron Heights, Above Ranka Jewellers",992.0,100000,5000,400000,105000,100.81,0,0,0
Pashan,Shop,"Mukta Residancy, Nr Shivnagar",200.0,10000,0,30000,10000,50.0,0,0,0
Pashan,Nan,"Pashan - Sus Rd, , Cafe Durga",184.0,20000,0,60000,20000,108.7,0,0,0
Pashan,Shop,"Near Kapil Asmant Society, Opposite Blue Bells Society",289.0,13000,0,50000,13000,44.98,0,0,0
Pashan,Office,"Baner - Pashan Link Road, Ranka Jewellers",523.0,100000,10000,720000,110000,191.2,0,0,0
Pashan,Office,"Baner - Pashan Link Road, Baner - Pashan Link Road",400.0,15000,0,25000,15000,37.5,0,0,0
Pashan,Office,"Baner - Pashan Link Rd, Above Uttam Super Store",800.0,33000,0,90000,33000,41.25,0,0,0
Pashan,Office,"Someshwarwadi, Near Shri Someshwar Mandir Temple",500.0,80000,0,240000,80000,160.0,0,0,0
Pashan,Office,"Laxmi Kund, Pashan, 22, Abhimanashree Society Rd, Near Abhimanshree Society, Ward No. 8, Abhimanshree Society, Bank Of India",200.0,14000,0,28000,14000,70.0,0,0,0
Pashan,Office,"Sakhar Nagar, Sai Krupa",300.0,12000,0,20000,12000,40.0,0,0,0
Pashan,Office,"Sutarwadi, Sutarwadi Government School",220.0,8000,0,20000,8000,36.36,0,0,0
Bavdhan,Warehouse,"Flame Ring Road, Bhunde Vasti, Suyash Academy (Sports Complex)",200.0,96000,0,350000,96000,480.0,0,0,0
Bavdhan,Office,"Paud Road, Chitale Bandhu,Bhugaon",371.0,25000,0,50000,25000,67.39,0,0,0
Bavdhan,Shop,"Dsk Ranwara Road, Kiyansh Dry Fruits",450.0,29000,1000,90000,30000,64.44,0,0,0
Bavdhan,Shop,"Paud Rd , Bhugaon, Near Western Club",206.0,12000,1000,30000,13000,58.25,0,0,0
Bavdhan,Office,"Shivaji Chowk, Crystal Honda",337.0,110000,0,330000,110000,326.41,0,0,0
Bavdhan,Office,"Shivaji Chowk, Crystal Honda",898.0,150000,0,500000,150000,167.04,0,0,0
Bavdhan,Shop,"Mulshi Rd,, Near Marks Pryor",220.0,5000,0,15000,5000,22.73,0,0,0
Bavdhan,Shop,"Yamunanagar Rdm,Shankar Kalat Nagar, Regalia Apartments",380.0,30000,0,100000,30000,78.95,0,0,0
Bavdhan,Warehouse,"Service Road, Near Nissan Showroom , Imperial 2",293.0,35000,0,100000,35000,119.45,0,0,0
Bavdhan,Shop,"Near Talathi Office , Near Dreams Rhythm,",200.0,10000,0,30000,10000,50.0,0,0,0
Bavdhan,Shop,"Windmill Village Rd, Whistling Meadows",210.0,25000,0,75000,25000,119.05,0,0,0
Bavdhan,Office,"Paud Rd, Bhugaon, Nr Zudio Bhugaon",220.0,21000,1500,65000,22500,95.45,0,0,0
Bavdhan,Warehouse,"Sahyadri Building, Near Shatayu Hospital",293.0,32000,0,64000,32000,109.22,0,0,0
Bavdhan,Shop,"Patil Nagar Road, Opposite Mahindra First Choice Showroom",483.0,25000,1200,100000,26200,51.76,0,0,0
Bavdhan,Office,"Paud Road, Matalwadi Phata",350.0,25000,0,150000,25000,71.43,0,0,0
Bavdhan,Office,"Saiyadri Building, Opposite Daulat Lawans",293.0,40000,0,70000,40000,136.52,0,0,0
Bavdhan,Shop,"138, Mulsi Taluka, Budha Vihar",150.0,15000,0,50000,15000,100.0,0,0,0
Bavdhan,Warehouse,"Lalani Quantum, Near Chellaram Hospital - Diabetes Care & Multispeciality",293.0,504000,0,3024000,504000,1720.14,0,0,0
Bavdhan,Office,"Dr Homi Dhaba Rd , Aditya Shagun Mall",286.0,21000,0,70000,21000,73.43,0,0,0
Bavdhan,Office,"Dr Homi Bhabha Road, Near Dsk Ranwara Road",286.0,21000,0,70000,21000,73.43,0,0,0
Bavdhan,Office,"Bavdhan, Zp Primary School Bhugaon",293.0,800000,0,4800000,800000,2730.38,0,0,0
Bavdhan,Office,"Bhugaon , Cafe Chatakdar Chaat",900.0,21000,0,63000,21000,23.33,0,0,0
Bavdhan,Office,"Pashan Rd, Near Bavdhan Police Station",350.0,42000,0,120000,42000,120.0,0,0,0
Bavdhan,Nan,"Uttam Nagar,, Puraniks Abitante Fiore",293.0,35000,0,70000,35000,119.45,0,0,0
Bavdhan,Office,"Paud Rd, Bhugaon, Maharashtra Gramin Bank Bhugaon",300.0,20000,0,50000,20000,66.67,0,0,0
Nigdi,Office,"Sector 32 A, Dr Dy Patil Institute Of Engineering Management And Research",380.0,18000,0,100000,18000,47.37,0,0,0
Nigdi,Shop,"Ravet Walhekarwadi Road., Bhondve Corrner",1.0,65000,0,150000,65000,65000.0,0,1,1
Nigdi,Office,"Maske Vasti, Brts Rd, Sonigara 97 Bizz",465.0,39500,2790,120000,42290,84.95,0,0,0
Nigdi,Office,"Nigdi, Camp Education Society'S Prerana High School (Camp Education School)",500.0,30000,0,100000,30000,60.0,0,0,0
Nigdi,Shop,"Nigdi, Pradhikaran, Swapnapurti Phase 1",400.0,16000,0,50000,16000,40.0,0,0,0
Nigdi,Warehouse,"Near Aher Garden, Aher Garden Shubham Garden",500.0,50000,0,200000,50000,100.0,0,0,0
Nigdi,Office,"Pradhikaran, Kohinoor Arcade",465.0,25000,0,70000,25000,53.76,0,0,0
Nigdi,Office,"Sector No. 24, Pradhikaran, Kohinoor Arcade",200.0,30000,0,60000,30000,150.0,0,0,0
Nigdi,Warehouse,"Ravet Poli Chowky , Bhondve Chowk",500.0,70000,0,250000,70000,140.0,0,0,0
Nigdi,Office,"Datta Nagar Rd,, Shri Chintamani Ganesh Temple",250.0,20000,0,50000,20000,80.0,0,0,0
Nigdi,Shop,"Chhatrapati Sambhaji Maharaj Chowk, , Indian Oil - Morya Petroleum,",384.0,20000,0,50000,20000,52.08,0,0,0
Nigdi,Office,"Main Road, Siddhi Dental Clinic",382.0,15000,0,40000,15000,39.27,0,0,0
Nigdi,Shop,"Old Mumbai - Pune Hwy, Seva Nagar, Kasarwadi, , Kasarwadi Near Railway Gate",180.0,10500,100,45000,10600,58.33,0,0,0
Nigdi,Shop,"Jay Mallhar Colony, Walhekarwadi, Sector No. 32, Nigdi, , Lambodar Ganesh Temple",100.0,9000,0,25000,9000,90.0,0,0,0
Nigdi,Shop,"Sahyog Nagar Pimpri-Chinchwad, Maharashtra 412114 India, Gagangiri Maharaj Ashram",102.0,15000,0,50000,15000,147.06,0,0,0
Nigdi,Office,"Akurdi, Pradhikaran, Near Iter, Sector No. 28, Pradhikaran, Nigdi, , Prof. Ramkrishna More Arts, Commerce & Science College",450.0,40000,0,120000,40000,88.89,0,0,0
Nigdi,Nan,"Kundan Arcade, Above Majestique Smiles Dental Clinic",100.0,30000,1000,90000,31000,300.0,0,0,0
Nigdi,Office,"Office No.102,Aishwaryam Deerstone,Sector 27 A,Plot No.502 B., Mahalsakant Chowk,Nigdi,Pradhikaran,Pune-411044",146.0,12000,1000,30000,13000,82.19,0,0,0
Nigdi,Office,"Transport Nagar, Indian Oil - Shree Balaji Petroleum",450.0,14000,0,40000,14000,31.11,0,0,0
Nigdi,Nan,"36, Shree Vihar, Transport Nagar, Nigdi, Pimpri-Chinchwad, Maharashtra 411044, Universal Building",382.0,160000,0,500000,160000,418.85,0,0,0
Nigdi,Shop,"Inspiria Mall, Inspiria Mall",382.0,50000,0,300000,50000,130.89,0,0,0
Nigdi,Office,"Bhel Chowk Pradhikaran Rd, Sector 25, Pradhikaran, Nigdi, Pimpri-Chinchwad, Maharashtra 411044, Citi Pride Complex",900.0,40000,0,200000,40000,44.44,0,0,0
Nigdi,Nan,"Akurdi Railway Station Rd, Shree Waheguru Guru Nanak Mansarovar Ashram",382.0,20000,0,20000,20000,52.36,0,0,0
Nigdi,Showroom,"Nigdi ,Pcmc, Near, Bhakti Shakti",55.0,30000,0,150000,30000,545.45,0,0,1
Nigdi,Shop,"Nigdi Service Rd , Shri Gokulnath Krishna Vigraha Mandir",750.0,30000,750,90000,30750,40.0,0,0,0
Camp,Office,"Mg Road , Yes Bank",330.0,22700,0,120000,22700,68.79,0,0,0
Camp,Office,"V P Street, Kohinoor Restaurant",700.0,22000,0,60000,22000,31.43,0,0,0
Camp,Office,"Near Hdfc Bank East Street, State Bank Of India",250.0,25000,900,75000,25900,100.0,0,0,0
Camp,Office,"Convent Street, Camp",600.0,45000,3500,200000,48500,75.0,0,0,0
Camp,Commercial,"Convent Street , St. Anne'S High School",304.0,10000,0,50000,10000,32.89,0,0,0
Camp,Office,"Mg Road, Bhiwandi Darbar -",315.0,75000,0,200000,75000,238.1,0,0,0
Camp,Office,"Amol Sagar Estate, Opp Madina Hotel, Near Poona College",300.0,13000,500,30000,13500,43.33,0,0,0
Camp,Shop,"Sachapir Street,, Cafe Convent Resta, Rahel Hospital",700.0,340000,0,2039999,340000,485.71,0,0,0
Camp,Office,"Moledina Rd,, Hotel Aurora Towers",410.0,30000,0,75000,30000,73.17,0,0,0
Camp,Office,"Mg Road, Muthoot Finance Ltd.",930.0,55000,0,165000,55000,59.14,0,0,0
Camp,Office,"Hermers Pallazzo , St.Annes School",330.0,25000,0,100000,25000,75.76,0,0,0
Camp,Shop,"Lotus Road , 11 East Street Cafe",170.0,16000,0,90000,16000,94.12,0,0,0
Camp,Office,"Sachapir St, Union Bank, Cosmos Bank",200.0,13500,0,50000,13500,67.5,0,0,0
Camp,Office,"Mahatma Gandhi Road, West Wing, Aurora Hotel Aurora Towers",200.0,80000,5000,250000,85000,400.0,0,0,0
Camp,Warehouse,"M.G. Road, Pune, Near Husseny Bakery,729, Taboot Street, Camp, Pune 411001",500.0,50000,0,150000,50000,100.0,0,0,0
Camp,Office,"M G Road., Maharashtra Electronics Corporation",950.0,55000,2000,325000,57000,57.89,0,0,0
Camp,Shop,"Mg Road, Moledina Rd, Sterling Centre",364.0,25000,0,100000,25000,68.68,0,0,0
Camp,Office,"Swargate Road, Pulgate Police Station",380.0,22000,0,50000,22000,57.89,0,0,0
Camp,Office,"Convent St , Hermes Palazzo",394.0,25000,0,60000,25000,63.45,0,0,0
Camp,Shop,"Hulshur, East St, Victory Theatre",275.0,40000,0,100000,40000,145.45,0,0,0
Camp,Shop,"Mg Road, Manhaz Restaruant",120.0,35000,0,200000,35000,291.67,0,0,0
Camp,Shop,"Savedi, Ahilya Nagar, Ahmednagar , Near Hotel Citypride",800.0,26000,0,100000,26000,32.5,0,0,0
Camp,Shop,"Moledina Road, Mg Road, Hotel Aurora Towers",200.0,60000,0,400000,60000,300.0,0,0,0
Camp,Warehouse,"Mg Road , Above Makati & Co.",225.0,10000,0,30000,10000,44.44,0,0,0
Camp,Office,"East St, Victory Theatre",330.0,85000,0,350000,85000,257.58,0,0,0
Lohegaon,Shop,"Mathade Wasti,, Navagrah Shani Shri Hanuman Mandir",12.0,75000,0,225000,75000,6250.0,0,1,1
Lohegaon,Office,"Shiv Colony Dhanori Lohegoan Road , Gitai Lawns",500.0,30000,0,150000,30000,60.0,0,0,0
Lohegaon,Office,"Park Plaza Porwal Road , Park Plaza",510.0,30000,0,100000,30000,58.82,0,0,0
Lohegaon,Office,"Porwal Road, Near Food Paradise, Park Springs",450.0,15000,0,30000,15000,33.33,0,0,0
Lohegaon,Nan,"Mukesh Villa, Sai Park D Y Patil Road",350.0,30000,0,100000,30000,85.71,0,0,0
Lohegaon,Shop,"Porwal Road Dhanori, Atlantic City Porwal Road, Near Domino?S Pizza Dhanori",250.0,30000,0,100000,30000,120.0,0,0,0
Lohegaon,Shop,"Gurudwara Rd,, Tulip Nursery School",150.0,4000,0,7000,4000,26.67,0,0,0
Lohegaon,Commercial,"Kutwal Colony, Jis School- Best Cbse School",300.0,35000,0,70000,35000,116.67,0,0,0
Lohegaon,Warehouse,"Hwvm+Xrj, Maria Udyan Area, Dadaji Vasti, Lohegaon, Pune, Maharashtra 411047, Aayush Hospital And Aayush Advanced Physiotherapy Clinic",350.0,240000,0,240000,240000,685.71,0,0,0
Lohegaon,Shop,"Lohegaon, Golden Aura",100.0,7500,0,20000,7500,75.0,0,0,0
Lohegaon,Nan,"Moze Nagar Lane Number 1, Dy Patil",350.0,8000,0,10000,8000,22.86,0,0,0
Lohegaon,Warehouse,"Wadgaon Shinde Road, Kaveri International School",450.0,12000,0,25000,12000,26.67,0,0,0
Lohegaon,Commercial,"8 Mundhwa - Kharadi Road, Kharadi Bypass Brt Bus Stop",150.0,20000,0,40000,20000,133.33,0,0,0
Lohegaon,Warehouse,"Sathe Wasti, Shree Shyam Marble And Granite",350.0,16000,0,100000,16000,45.71,0,0,0
Lohegaon,Warehouse,"Lohegaon Rd, Near Air Force Station",350.0,45000,0,100000,45000,128.57,0,0,0
Lohegaon,Shop,"Wagholi Rd, Dadachi Wasti, Dadaji Vasti, Lohegaon,, Landmark Trade Centre",362.0,20000,0,60000,20000,55.25,0,0,0
Lohegaon,Restaurant,"Dhanori Road , Near Hotel Amir",350.0,350000,0,3000000,350000,1000.0,0,0,0
Lohegaon,Shop,"Porwal Rd, Orchid Speciality Hospital",220.0,17000,0,51000,17000,77.27,0,0,0
Lohegaon,Warehouse,"Swami Samarth Nagar Lane No. 5, Isabella International School",400.0,10000,0,20000,10000,25.0,0,0,0
Lohegaon,Shop,"Al-Aashiyana, Near Diamond Water Park Lohegaon",450.0,15000,0,45000,15000,33.33,0,0,0
Lohegaon,Shop,"Goodwill 24 Society, Sai Medical Cosmetic And General Store",330.0,35000,0,150000,35000,106.06,0,0,0
Lohegaon,Shop,"Lohgaon Rd, Near Bharat Petroleum Petrol Pump , Sathe Petroleum",350.0,25000,0,50000,25000,71.43,0,0,0
Lohegaon,Nan,"Porwal Rd Lohegaon, Near Pride Word City",400.0,7000,0,40000,7000,17.5,0,0,0
Lohegaon,Office,"Park Plaza, Park Plaza",370.0,30000,0,120000,30000,81.08,0,0,0
Lohegaon,Office,"Nagar Rd, Shree Ram Society, Pune International Airport Area, Samruddhi Centre",400.0,15000,0,30000,15000,37.5,0,0,0
Katraj,Warehouse,"Katraj - Ambegaon Budruk Road, Opposite Croma - Katraj",300.0,15000,600,50000,15600,50.0,0,0,0
Katraj,Office,"Bharti Vidys Peth, Reliance Fresh",590.0,35000,4000,100000,39000,59.32,0,0,0
Katraj,Office,"Near Wonder City , Kanchan Nagari, Wonder City",490.0,25000,1500,79999,26500,51.02,0,0,0
Katraj,Office,"Kondhwa Main Road, Kondhwa Main Road",240.0,13500,0,50000,13500,56.25,0,0,0
Katraj,Warehouse,"R K Colony Rd , Near Shri Ganesh Mandir",500.0,25000,0,200000,25000,50.0,0,0,0
Katraj,Showroom,"Pushkaraj Garden, Hotel Pushkaraj",290.0,400000,25000,4000000,425000,1379.31,0,0,0
Katraj,Office,"Kachan Nagari , Umashiv Bharath Gas",200.0,15000,0,30000,15000,75.0,0,0,0
Katraj,Warehouse,"Mangdewadi, Grampanchayat Mangadewadi",270.0,14000,0,40000,14000,51.85,0,0,0
Katraj,Shop,"Mangdewadi, Katraj Pune,, Laxmi Paradise",250.0,15000,0,30000,15000,60.0,0,0,0
Katraj,Warehouse,"Sr No 12/4 Sundar Nagar Mangdewadi, Kalki Food",290.0,30000,0,150000,30000,103.45,0,0,0
Katraj,Shop,"Khabren Nagar, Sundar Nagar, Gujarwadi , Indian Oil Petrol Pump",210.0,10000,0,20000,10000,47.62,0,0,0
Katraj,Shop,"Santosh Nagar, Mangdewadi Petrol Pump",550.0,15000,0,50000,15000,27.27,0,0,0
Katraj,Shop,"Khopde Nagar , Bafna Earthmovers",400.0,5000,0,10000,5000,12.5,0,0,0
Katraj,Shop,"Khopade Nagar , Kadeswar ,Mindar",183.0,7000,0,25000,7000,38.25,0,0,0
Katraj,Shop,"Om Residenc, Mangdewadi Petrol Pump",500.0,14000,0,50000,14000,28.0,0,0,0
Katraj,Warehouse,"Gujarwadi Rd, Prime Rose International Preschool (Gujarwadi)",290.0,80000,0,160000,80000,275.86,0,0,0
Katraj,Shop,"K K Travels More Bagh, Near Icc Cable Office Katraj",220.0,18000,0,100000,18000,81.82,0,0,0
Katraj,Shop,"Nakshatra Residency, Utkarsh Society, Gujarwadi Road",570.0,36000,0,200000,36000,63.16,0,0,0
Katraj,Warehouse,"Cipl Maruti Suzuki K2, Chate School",290.0,50000,0,130000,50000,172.41,0,0,0
Katraj,Shop,"Gujarwadi Road, Gujarwadi Road",700.0,11000,0,30000,11000,15.71,0,0,0
Katraj,Commercial,"Dutta Nagar, Near Katraj Dairy",600.0,9500,0,10000,9500,15.83,0,0,0
Katraj,Shop,"Kondhwa Rd, Sahakarnagar , Vijay Dairy And Farm",120.0,6000,0,15000,6000,50.0,0,0,0
Katraj,Shop,"Gujarwadi Road, Ceratec Greens",110.0,4000,0,10000,4000,36.36,0,0,0
Katraj,Shop,"Gujarwadi Rd,, Suguna Chicken & Egg",100.0,8000,0,15000,8000,80.0,0,0,0
Katraj,Office,"Pune - Satara Rd, Hotel Swagat Family Restaurant Veg Nonveg",280.0,7000,0,50000,7000,25.0,0,0,0
Aundh,Office,"Bremen Chowk, Aundh Rd, Pune Metropolitan Region Development Authority",269.5,75000,9000,420000,84000,278.29,0,0,0
Aundh,Warehouse,"Chondhe Patil Nagar Rd,, Near Shetty",600.0,80000,0,300000,80000,133.33,0,0,0
Aundh,Office,"Anna Purna Housing Society Road, Opp Dav Public School",852.0,58000,2675,180000,60675,68.08,0,0,0
Aundh,Office,"Vasudha Near Rajiv Gandhi Bridge, Vasudha Business Center",150.0,15000,0,30000,15000,100.0,0,0,0
Aundh,Office,"Parihar Chowk, D Mart",156.0,100000,3500,600000,103500,641.03,0,0,1
Aundh,Office,"Sanghvi Kesari Road, Bank Of Maharashtra - Pune-Aundh Branch",816.0,50000,0,200000,50000,61.27,0,0,0
Aundh,Office,", Kumar Point Iti Rd, Beside Shirin Garden Society",300.0,150000,0,400000,150000,500.0,0,0,0
Aundh,Office,"Baner Road, Mauli Garden",255.0,65000,0,200000,65000,254.9,0,0,0
Aundh,Shop,"Seasons Road, , Near Medi Point Hospital",180.0,41000,0,100000,41000,227.78,0,0,0
Aundh,Office,"Seasons Road, Seasons Road",315.0,25000,1000,70000,26000,79.37,0,0,0
Aundh,Office,"Above Nexa Showroom , Baner Road,",730.0,48000,0,288000,48000,65.75,0,0,0
Aundh,Shop,"Aims Rd Ward No. 8, Aundh Gaon, Aundh, Near Nakoda Jeweller",155.0,29000,0,100000,29000,187.1,0,0,0
Aundh,Warehouse,"Baner Dp Road, Near Medi Point Hospital",269.5,50000,0,100000,50000,185.53,0,0,0
Aundh,Office,"Near Sakal Nagar , Niligiri Lane , Nexa Showroom",200.0,42000,0,150000,42000,210.0,0,0,0
Aundh,Office,"Parihar Chowk , Prism Coropration",100.0,140000,0,500000,140000,1400.0,0,0,1
Aundh,Office,"Ward No. 8, Aundh Gaon, Pune Metropolitan Region Development Authority",284.0,36000,0,144000,36000,126.76,0,0,0
Aundh,Office,"Iti Rd,, Reliance Digital",269.5,53000,0,150000,53000,196.66,0,0,0
Aundh,Office,"Aundh, Dmart",575.0,30000,0,150000,30000,52.17,0,0,0
Aundh,Office,"Baner Road, Nexa",269.5,100000,0,300000,100000,371.06,0,0,0
Aundh,Office,"Opp Dav Public School , Aundh",860.0,60000,2700,150000,62700,69.77,0,0,0
Aundh,Office,"Rajbhavan Road, Near Indo Bremen Chowk.Opp Pune University Next To Kendriya Vidyalay",269.5,35000,0,100000,35000,129.87,0,0,0
Aundh,Office,"Rachana Ventura, Titan World Showroom",115.0,212000,0,1200000,212000,1843.48,0,0,1
Aundh,Shop,"Baner Road, Aundh, Sakal Nagar, Aundh",200.0,18000,0,50000,18000,90.0,0,0,0
Aundh,Shop,"Nirman Sankul Phase 1, Nirman Sankul Phase 1",110.0,5500,400,12000,5900,50.0,0,0,0
Aundh,Office,"Dp Road, Parihar Chowk",900.0,32000,0,100000,32000,35.56,0,0,0
Kondhwa,Office,"Fakhri Hills, Domino'S Pizza | Village Kondhwa, Pune",650.0,40000,0,100000,40000,61.54,0,0,0
Kondhwa,Office,"Tyni Audyogic Wasahat,, Dmart Kondhwa",120.0,50000,0,300000,50000,416.67,0,0,0
Kondhwa,Shop,"Nibm, Clover Mall",486.0,45000,0,200000,45000,92.59,0,0,0
Kondhwa,Shop,"Shivneri Nagar, Hattrick Sports Bat Shop",250.0,10000,0,30000,10000,40.0,0,0,0
Kondhwa,Office,"Hm Royal Society,Talab Factory, Opp Ranka Jwellers, Vijay Sales",525.0,23000,0,70000,23000,43.81,0,0,0
Kondhwa,Office,"Khadi Machine Chowk , Space 31",436.0,35000,4000,60000,39000,80.28,0,0,0
Kondhwa,Office,"Picasso Plaza Nibm Cross Road, Krishnakevalnagar, Shivneri Nagar, Near Jyoti Pure Veg Restaurant",250.0,15000,0,45000,15000,60.0,0,0,0
Kondhwa,Warehouse,"Mitha Nagar, Sheetal Hindustan Petroleum Corporation Limited",200.0,15000,0,50000,15000,75.0,0,0,0
Kondhwa,Office,"Salunke Vihar Road, Opp. Parmar Residency, Bramha Aangan Soc",200.0,14500,0,50000,14500,72.5,0,0,0
Kondhwa,Office,"Capital Mall, Capital Mall",360.0,18000,0,60000,18000,50.0,0,0,0
Kondhwa,Shop,"Betal Nagar,, Bismillah Chicken And Egg Centre",110.0,17998,0,30000,17998,163.62,0,0,0
Kondhwa,Shop,"Kapil Nagar, Bract'S, Vishwakarma Institute Of Information Technology",250.0,16000,0,60000,16000,64.0,0,0,0
Kondhwa,Shop,"Somji , Near Crown Bakery",312.0,22000,0,100000,22000,70.51,0,0,0
Kondhwa,Shop,"Rukmini Mandir Shivneri Nagar Kondhwa Khurd, Opposite Rukmini Mandir Lane No.21 Shivneri Nagar Kondhaw Khurd",755.0,25000,0,60000,25000,33.11,0,0,0
Kondhwa,Commercial,"Shama Complex Building, Labbaik General Store Lane No.23B Shama Complex Building Shivneri Nagar Kondhwa Khurd Pune",455.0,4000,0,15000,4000,8.79,0,0,0
Kondhwa,Shop,"Bhagyoday Nagar,, Dwitiya Dagdusheth Ganpati",432.0,20000,0,50000,20000,46.3,0,0,0
Kondhwa,Office,"Nibm Cross Road , World Of Jewellery",500.0,45000,0,150000,45000,90.0,0,0,0
Kondhwa,Shop,"Lane Number 3, Lane Number 3",580.0,25000,0,200000,25000,43.1,0,0,0
Kondhwa,Office,"Lullanagar Kondhwa Road, Jyoti Pure Veg Restaurant",650.0,30000,0,60000,30000,46.15,0,0,0
Kondhwa,Shop,"Military Wall Shivneri Nagar,, Near K Tech School",200.0,8000,0,30000,8000,40.0,0,0,0
Kondhwa,Shop,"Kondhwa Rd, Bhagyoday Nagar, Bhagyaodaya Nagar, Makkah Masjid",370.0,20000,0,100000,20000,54.05,0,0,0
Kondhwa,Shop,"Picasso Plaza Nibm Cross Road, Krishnakevalnagar, Shivneri Nagar, , Jyoti Pure Veg Restaurant",322.0,18000,0,50000,18000,55.9,0,0,0
Kondhwa,Office,"Kondhwan Main Road , Near Hp Petrol Pump",550.0,40000,0,100000,40000,72.73,0,0,0
Kondhwa,Office,"Bramha Majestic Co. Housing Society , Kausarbaug Masjid",128.0,15000,0,45000,15000,117.19,0,0,0
Kondhwa,Shop,"Kondhwa Khurd, Near Dominoz Pizza",560.0,40000,1200,200000,41200,71.43,0,0,0
Balewadi,Office,"Balewadi Road, Laxman Nagar , Opp.Aromas Hyderabad House",653.0,38000,0,100000,38000,58.19,0,0,0
Balewadi,Office,"Balewadi, Above Agent Jack",900.0,70000,4000,200000,74000,77.78,0,0,0
Balewadi,Office,"Baner High Street, Chul Mutton Baner",766.0,150000,12000,900000,162000,195.82,0,0,0
Balewadi,Office,"Nandan Probiz, Sai Chauk Road",595.0,51000,0,130000,51000,85.71,0,0,0
Balewadi,Nan,"Baner, Mitcon",500.0,5000,0,10000,5000,10.0,0,0,0
Balewadi,Office,"Balewadi - Hinjawadi Rd Patil Nagar, Mitcon Institute Of Management Balewadi",409.0,66000,0,130000,66000,161.37,0,0,0
Balewadi,Shop,Townhouse Bramhacorp,370.0,35000,0,50000,35000,94.59,0,0,0
Balewadi,Office,"Patil Nagar, Balewadi,",370.0,20000,0,25000,20000,54.05,0,0,0
Balewadi,Office,"Comfort Zone Nest, Opp Umarji Hospital",350.0,70000,0,150000,70000,200.0,0,0,0
Balewadi,Shop,"Near F Residence, Balewadi",550.0,40000,0,100000,40000,72.73,0,0,0
Balewadi,Office,"Panchshil Business Park, Off, Baner - Balewadi Rd, , Balewadi High Street",580.0,50000,8700,300000,58700,86.21,0,0,0
Balewadi,Shop,"Yashoda Chowk, Opposite Madhuban Society",150.0,21000,0,100000,21000,140.0,0,0,0
Balewadi,Nan,"Tejonidhi Apartment,Behind Mitcon International School, Near Amar Tech Park Balewadi",800.0,20000,0,60000,20000,25.0,0,0,0
Balewadi,Office,"Balewadi Rd, Mitcon Institute Of Management",300.0,65000,1250,150000,66250,216.67,0,0,0
Balewadi,Office,"Balewadi Gaon, Kunal Aspiree",600.0,55000,0,200000,55000,91.67,0,0,0
Balewadi,Office,"Office 107, Madhuban Business Park, Sapphire Road, Balewadi, Pune- 411045, Uco Bank",550.0,38000,0,80000,38000,69.09,0,0,0
Balewadi,Warehouse,"Mumbai Hwy, In Adhiraj Complex",540.5,175000,0,525000,175000,323.77,0,0,0
Balewadi,Office,"Balewadi High Street,",773.0,360000,22000,2160000,382000,465.72,0,0,0
Balewadi,Warehouse,"Balewadi Gaon, Near Anp Universe",540.5,160000,0,480000,160000,296.02,0,0,0
Balewadi,Commercial,"Balewadi High Street, Payal Super Market",531.0,925000,55000,5000000,980000,1742.0,0,0,1
Balewadi,Office,"388A, Madhuban Society Rd, Next To, Balewadi, Pune, Maharashtra 411045, India, Gagan Klara",375.0,22000,0,44000,22000,58.67,0,0,0
Balewadi,Shop,"Balewadi Gaon, Kunal Aspiree",119.0,20000,0,75000,20000,168.07,0,0,0
Balewadi,Office,"Sawant Elite , Bajirav Shripati Road, In Front Of 51 Balewadi",278.0,10000,0,40000,10000,35.97,0,0,0
Balewadi,Office,"Balewadi High Street, Opposite Perfect 10",718.0,50000,0,200000,50000,69.64,0,0,0
Balewadi,Office,"Yashoda Chawk, Dp Rd, Balewadi, Pune, Maharashtra 411045, India, Amit Sapphire Park",300.0,285000,25000,1500000,310000,950.0,0,0,1
Wagholi,Shop,"Nagar Rd, Decathlon Sports - Wagholi",200.0,30000,0,100000,30000,150.0,0,0,0
Wagholi,Shop,"Nagar Road, Opposite Hp Petrol Pump Wagholi",225.0,25000,0,50000,25000,111.11,0,0,0
Wagholi,Warehouse,"Samrat Ashok Rd, Crystal Honda",243.0,355000,0,700000,355000,1460.91,0,0,0
Wagholi,Shop,"Nagar Rd, Croma - Wagholi",350.0,22000,0,50000,22000,62.86,0,0,0
Wagholi,Office,"Kesnand Rd, Rudra Society, Nexa Service (Kothari Wheels)",415.0,19000,0,60000,19000,45.78,0,0,0
Wagholi,Shop,"Kalubai Nagar, Undre Hospital",500.0,16000,0,40000,16000,32.0,0,0,0
Wagholi,Office,"Nagar Road, Tata Motors Cars Showroom - Rudra Motors, Wagholi",750.0,45000,0,140000,45000,60.0,0,0,0
Wagholi,Office,"Pune- Nagar Road, Wakefit - Furniture Store In Wagholi, Pune",100.0,75000,10000,400000,85000,750.0,0,0,1
Wagholi,Office,"Nagar Road Wagholi In Front Of Hp Petrol Pump, New Zudio Store",576.0,35000,5000,100000,40000,60.76,0,0,0
Wagholi,Office,"Lalwani Capital, Near Jd Shubharambh And Opposite To Bjs College",707.0,280000,0,1680000,280000,396.04,0,0,0
Wagholi,Office,"Baif Rd, President English Medium School",581.0,26000,0,50000,26000,44.75,0,0,0
Wagholi,Office,"Bakori Phata ,Bakori Road, Near Bjs School",479.0,35000,0,100000,35000,73.07,0,0,0
Wagholi,Warehouse,"Priyanka Nagari , Isuzu Bavaria Motors",243.0,40000,0,80000,40000,164.61,0,0,0
Wagholi,Office,"Nagar Rd, Kumar Palladium Plaza",500.0,60000,0,180000,60000,120.0,0,0,0
Wagholi,Office,"Rainbow Cross Road, D Mart Ready Rainbow Cross Road",236.0,16000,0,50000,16000,67.8,0,0,0
Wagholi,Shop,"Kharadi Main Road, Gera World Of Joy",150.0,38000,0,100000,38000,253.33,0,0,0
Wagholi,Office,"Pune Nagar Road, Pavana Sahkari Bank Wagholi",300.0,75000,3000,300000,78000,250.0,0,0,0
Wagholi,Shop,"Bhawadi, Near Rising Star English Medium School",200.0,7000,0,20000,7000,35.0,0,0,0
Wagholi,Shop,"Nagar Rd, Ashok Leyland Wagholi",130.0,9000,0,10000,9000,69.23,0,0,0
Wagholi,Shop,"Sai Sathyam Park , Geeta Waves Society, Sai Satyam Park Wagholi",160.0,7000,0,20000,7000,43.75,0,0,0
Wagholi,Shop,"Nagar Road, Mercedes-Benz Silver Star Workshop",250.0,40000,0,100000,40000,160.0,0,0,0
Wagholi,Showroom,"Ubale Nagar, Wagholi Pune, Maharashtra 412207 India, Hotel Mapple Pune , By Supriya Hotels & Resorts",243.0,225000,0,1350000,225000,925.93,0,0,0
Wagholi,Warehouse,"Hxfm+P23, Kalubai Nagar, Raisoni College",243.0,35000,0,100000,35000,144.03,0,0,0
Wagholi,Shop,"Kawade Wasti, , Trimurti Gym And Health Club (Gents And Ladies)",100.0,4500,0,20000,4500,45.0,0,0,0
Wagholi,Office,"Pune Nagar Highway Near Wagholi, Near Decathlon",171.0,18000,0,100000,18000,105.26,0,0,0
