locality,location_full,property_type,sqft,rent,deposit,price_per_sqft,furnishing
Kothrud,"hapoy colony near van devi mandir karve nagar road kothurd, van devi mandir",Office,650,12000,24000,18.46,Furnished
Kothrud,"Gandhi Bhavan Rd, Gandhi Bhavan (Maharashtra Gandhi Smarak Nidhi)",Shop,160,20000,60000,125,Unfurnished
Kothrud,"Chandani chowk , Shinde Farm Golden Group,",Shop,500,100000,300000,200,Furnished
Kothrud,"Paschimanagri,, City Pride- Kothrud",Office,230,100000,300000,434.78,Furnished
Kothrud,"Late. G A kulkarni road, Opposite Karishma Society, Kothrud",Office,100,10000,10000,100,Furnished
Kothrud,"Near Vanaz Metro station, Aboli Villa, Utsav Sabhagruha",Office,200,20000,50000,100,Unfurnished
Kothrud,"City Pride- Kothrud, City Pride- Kothrud",Office,111,90000,270000,810.81,Unfurnished
Kothrud,"PAUD ROAD, ANAND NAGAR METRO STATION",Showroom,850,150000,450000,176.47,Semi-Furnished
Kothrud,"New India School Road, Janaseva Sahakari Bank",Office,350,18000,35000,51.43,Furnished
Kothrud,"Jog school, Jog school",Office,430,120000,360000,279.07,Unfurnished
Kothrud,"Dahanukar Colony,, Jalsa Restaurant and Bar",Office,924,55000,165000,59.52,Unfurnished
Kothrud,"Mavale Basti,, opp Vandevi Mandir",Office,850,30000,65000,35.29,Semi-Furnished
Kothrud,"kothrud , Kothrud",Office,250,70000,210000,280,Furnished
Kothrud,"paud rd, Bhusari Colony,, Cafe Durga",Office,700,28000,75000,40,Furnished
Kothrud,"Gat No:405 ,Phaltan MIDC, near Cummins php Ltd, At Post Nandal ,Ta Phaltan , Dist Satara, Near Cummins php Ltd , Suravdi Phaltan MIDC",Commercial,560,218000,654000,389.29,Unfurnished
Kothrud,"Happy Colony Ln, , Janata Sahakari Bank Limited - Karve Nagar Branch",Shop,100,10000,50000,100,Unfurnished
Kothrud,"Spectra Complex, Jalgaon people",Office,312,47000,141000,150.64,Furnished
Kothrud,"Sangunabai Bhoj Path, front of kidzee school near Cummins College",Restaurant,700,65000,195000,92.86,Furnished
Kothrud,"guru genesh nagar,",Office,195,19000,40000,97.44,Unfurnished
Kothrud,"Sagar colony near DB road, Ashish Garden Banquet Hall",Office,300,12000,24000,40,Unfurnished
Kothrud,"Karve Road , near Kothrud Post Office",Commercial,300,919999,2759997,3066.66,Unfurnished
Kothrud,"Mrutyunjay Society Road, sagar fast food",Office,500,75000,225000,150,Furnished
Kothrud,"Sr 145, DP Rd, near Shivaji Maharaj Statue, opp. UCO Bank, Mayur Colony, Kothrud, Pune, Maharashtra 411038, Subudh hospital and research center",Office,780,30000,50000,38.46,Semi-Furnished
Baner,"Baner, Balewadi High Street",Office,762,60000,180000,78.74,Unfurnished
Baner,"balewadi phata Near by Ganraj chowk, Balewadi High Street",Office,600,120000,360000,200,Unfurnished
Baner,"Baner Kundan Garden, Pancharatna Shop",Office,400,35000,90000,87.5,Furnished
Baner,"Ambrosla Galaxy Rd, Baner High Street",Office,600,42000,126000,70,Furnished
Baner,"Baner Road, Zudio - Baner",Office,150,105000,315000,700,Unfurnished
Baner,"Mont Vert Spectra, Baner Road, Vijay Sales",Office,480,60000,180000,125,Furnished
Baner,"Baner Rd, opposite mabaleshwar hotel",Restaurant,700,400000,1200000,571.43,Unfurnished
Baner,"Baner Road,Ganraj Chowk, Opp Zudio",Office,400,108000,324000,270,Semi-Furnished
Baner,"madhavbaug society, Ram EnterPrises",Office,750,45000,135000,60,Furnished
Baner,"Mohan nagar, Bitwise Terratower",Office,250,85000,255000,340,Unfurnished
Baner,"Balewadi High Street rd, Livspace - Interior Design Studio, Baner",Office,550,145000,435000,263.64,Unfurnished
Baner,"Baner-Balewadi Road , Behind Fatcook",Office,650,27000,81000,41.54,Unfurnished
Baner,"45 Baner Street, Manipal Hospital Baner",Office,655,110000,330000,167.94,Unfurnished
Baner,"Banglore Highway Pashan Exit, Yamaha Motor Showroom - Raya Motors",Office,575,35000,105000,60.87,Unfurnished
Baner,"Baner Rd, Behind Croma",Office,643,150000,450000,233.28,Unfurnished
Baner,"Baner-Mahalunge Rd, ZUDIO - Baner",Shop,330,38000,114000,115.15,Semi-Furnished
Baner,"Baner Rd, behind Croma Showroom, Baner, Pyramid Axis",Office,500,90000,270000,180,Furnished
Baner,"Yash Orchid Private Road, TaTa Motors Cars Showroom - Garve, Baner",Office,640,50000,150000,78.12,Unfurnished
Baner,"SRN 84/1, Main, Baner Rd, la commercia",Office,654,60000,180000,91.74,Unfurnished
Baner,"Samarth Colony, Yamaha Motor Showroom - Raya Motors",Office,577,41000,123000,71.06,Semi-Furnished
Baner,"Balewadi high street, balewadi high street",Office,948,90000,270000,94.94,Unfurnished
Baner,"pashan hwy , Tata Motors Cars Showroom - Garve, Baner",Office,395,130000,390000,329.11,Furnished
Baner,"Mohan Nagar, near Bitwise, Baner, Bitwise,",Office,200,95000,285000,475,Furnished
Baner,"Bypass Road, Bypass Road",Office,948,80000,240000,84.39,Unfurnished
Baner,"Near Kapil Akhila, Lane next to Westport",Commercial,140,10000,30000,71.43,Furnished
Hinjawadi,"Wipro Circle, wipro Circle",Office,526,25000,75000,47.53,Semi-Furnished
Hinjawadi,"Phase II, near Shell Petrol Pump, Above ICICI Bank (1st Floor)",Shop,504,40000,120000,79.37,Unfurnished
Hinjawadi,"Gera's Imperium Rise, Hinjawadi Phase 2 Road, Hinjawadi Phase II, Hinjewadi Rajiv Gandhi Infotech Park, Hinjawadi, Pune, Maharashtra, India, opposite wipro",Office,528,45000,135000,85.23,Semi-Furnished
Hinjawadi,"Nashik Phata Rd, Hotel Govind Garden",Office,517,30000,90000,58.03,Unfurnished
Hinjawadi,"injawadi Rajiv Gandhi Infotech Park, Streets of Europe",Commercial,275,26000,40000,94.55,Unfurnished
Hinjawadi,"wipro circle, Ibis Pune Hinjewadi",Office,422,22000,66000,52.13,Furnished
Hinjawadi,"Destination, 24, Maan Rd, next to Godrej, Phase 1, Hinjawadi Rajiv Gandhi Infotech Park, Hinjawadi, Pune, Pimpri-Chinchwad, Maharashtra 411057, Destination Hinjawadi",Office,260,35000,105000,134.62,Unfurnished
Hinjawadi,"Phase 2 , Wipro Technologies Limited",Office,515,35000,105000,67.96,Furnished
Hinjawadi,"phase 1 , Radisson Blu Pune Hinjawadi",Office,500,95000,285000,190,Furnished
Hinjawadi,"Hinjawadi Rajiv Gandhi Infotech Park, Lemon Tree Hotel",Shop,200,19000,57000,95,Unfurnished
Hinjawadi,"maan rd , Kannu Ki Chai Maan Road Hinjewadi Phase 1",Shop,200,15000,50000,75,Unfurnished
Hinjawadi,"Hinjewadi Phase 1 Road, Hinjewadi Phase 1 Road",Shop,198,25000,75000,126.26,Unfurnished
Hinjawadi,"Phase 2 Road, Haldiram's",Office,400,45000,135000,112.5,Unfurnished
Hinjawadi,"rajiv gandi infotech park , ibis Pune Hinjewadi",Office,600,32000,96000,53.33,Semi-Furnished
Hinjawadi,"Suratwala Mark Plazzo, Opp Dmart hinjewadi and KFC",Office,518,35000,105000,67.57,Unfurnished
Hinjawadi,"phase 1, near wipro circle , maan rd , Kannu Ki Chai Maan Road Hinjewadi Phase 1",Shop,110,22000,75000,200,Unfurnished
Hinjawadi,"hinjewadi rajiv Gandhi Rd, Ibis Pune Hinjewadi",Office,685,45000,135000,65.69,Furnished
Hinjawadi,"Hinjawadi Phase 2 Road, Hinjawadi Phase 2 Road,Wipro circle",Office,412,23000,50000,55.83,Furnished
Hinjawadi,"Hinjawad, Metro station vipro2",Office,400,36000,108000,90,Furnished
Hinjawadi,"Hinjawadi Phase 2 Rd, , Gera's Imperium Rise and Infosys",Office,400,25000,62500,62.5,Furnished
Hinjawadi,"gera?s imperium rise, rejeev gandhi info tech park, wipro circle hinjewadi , wipro circle",Office,423,22000,40000,52.01,Unfurnished
Kharadi,"Riverfront Road , StayBird - B Suite, Business Hotel",Shop,420,35000,105000,83.33,Unfurnished
Kharadi,"Eon Free Zone Road, Starbucks - EON Tech Park (S041)",Office,430,36000,108000,83.72,Semi-Furnished
Kharadi,"ashok nagar, Balaji Hospital Kharadi",Office,310,21000,50000,67.74,Unfurnished
Kharadi,"Kharadi-Hadapsar Bypass Rd, Bigbasket Daily Store",Shop,600,65000,195000,108.33,Unfurnished
Kharadi,"ashok Nagar, near CITY VISTA - Kolte Patil Developers",Office,550,50000,150000,90.91,Furnished
Kharadi,"Ahmednagar Solapur Bypass Road, Nyati Enthral",Office,266,65000,195000,244.36,Unfurnished
Kharadi,"Eon IT park, Near Irani Cafe - Kharadi",Office,430,38000,114000,88.37,Furnished
Kharadi,"vitthal nagar, Gera Trinity Towers, , near eon it park pH 2 ,opp Gera banglow kharadi pune",Office,410,25000,75000,60.98,Unfurnished
Kharadi,"grant rd, Eon It Park",Office,300,25000,75000,83.33,Unfurnished
Kharadi,"Riverfront Rd, Thite Nagar, Krishna sweets",Office,400,193000,579000,482.5,Unfurnished
Kharadi,"Near Panchshil Towers Road, Yoo Villas",Office,800,100000,300000,125,Furnished
Kharadi,"Grant road, Vitthal nagar, Geras Imperium Alpha",Office,465,35000,105000,75.27,Unfurnished
Kharadi,"Kharadi, Stellar Spaces, Kharadi",Office,932,78000,234000,83.69,Furnished
Kharadi,"thite nagar, City Pride Multiplex - Kharadi",Office,343,70000,210000,204.08,Unfurnished
Kharadi,"Old Mundhwa Rd, tukaram nagar, Reliance SMART Superstore",Office,250,20000,40000,80,Unfurnished
Kharadi,"Grant Rd, ZENSAR KNOWLEDGE PARK",Office,675,30000,90000,44.44,Unfurnished
Kharadi,"Grant Rd, Vitthal Nagar, Near eon IT park",Office,585,36000,108000,61.54,Unfurnished
Kharadi,"kharadi, EON free zone",Office,565,35000,105000,61.95,Semi-Furnished
Kharadi,"Old Mundhwa Rd, The Platinum Towers",Office,797,62000,186000,77.79,Furnished
Kharadi,"Lane Number 2, Reliance SMART Superstore",Office,100,75000,225000,750,Unfurnished
Kharadi,"Krishna Complex, Near T.I.M.E. Kharadi - Best CAT Coaching Institute",Commercial,500,135000,405000,270,Unfurnished
Kharadi,"GWXQ+M3W, Sr.no. 12/1A, Mundhwa-Kharadi Bypass, Kharadi South Main Road, Thite Nagar, Kharadi, Pune, Maharashtra 411014, Nyati Enthral",Office,850,80000,240000,94.12,Unfurnished
Shivajiaagar,"Chhatrapati Shivaji Maharaj Rd, City Pride Mangala Multiplex",Office,250,21000,50000,84,Semi-Furnished
Shivajiaagar,"Fergusson College Rd, Starbucks Coffee",Shop,300,35000,105000,116.67,Unfurnished
Shivajiaagar,"Shivajinagar, Hardikar hospital",Office,200,65000,195000,325,Unfurnished
Shivajiaagar,"Fergusson College Rd, DNYANESHWAR PADUKA CHOWK",Office,370,35000,105000,94.59,Furnished
Shivajiaagar,"Jangali Maharaj Road, Near Hotel Panchali (Pure Veg)",Office,700,38000,114000,54.29,Furnished
Shivajiaagar,"ganesh Society,, in front of IMD guest house",Office,450,35000,105000,77.78,Unfurnished
Shivajiaagar,"Fergusson College Road,Model colony, Oppo. Police Ground",Office,250,70000,210000,280,Semi-Furnished
Shivajiaagar,"Jangali Maharaj Rd, near hotel panchali , opposite Jangali Mahara temple",Office,585,50000,150000,85.47,Unfurnished
Shivajiaagar,"congress bhavan road JM ROAD shivaji nagar , Hotel Pearl",Office,150,110000,330000,733.33,Semi-Furnished
Shivajiaagar,"JM road, P.MT Bus Stop",Office,210,25500,85000,121.43,Furnished
Shivajiaagar,"Fergusson College Road, Millenium Plaza",Office,503,60000,180000,119.28,Unfurnished
Shivajiaagar,"J M Road, Opp Jungli Maharaj Temple, Sudama Garden Restaurant",Office,200,90000,270000,450,Unfurnished
Shivajiaagar,"D gold house, dnayaneshwar paduka chowk, BPCL Petrol Pump",Office,650,55000,165000,84.62,Unfurnished
Shivajiaagar,"FC College Rd,Ganeshwadi, Haldiram's",Office,430,50000,150000,116.28,Unfurnished
Shivajiaagar,"FC rd , ganeshwadi, Venus Traders and Stationery",Office,200,110000,330000,550,Semi-Furnished
Shivajiaagar,"fergusson college road,",Office,720,80000,240000,111.11,Unfurnished
Shivajiaagar,"senapati bapat rd , model colony , The Pavillion Mall",Office,400,75000,225000,187.5,Semi-Furnished
Shivajiaagar,"Pune University Rd, Centro",Office,850,95000,285000,111.76,Semi-Furnished
Shivajiaagar,"Thube Park, Sancheti Hospital",Office,650,45000,135000,69.23,Semi-Furnished
Shivajiaagar,"Vamanrao Malhar Joshi Marg, Vamanrao Malhar Joshi Marg",Office,350,25000,50000,71.43,Unfurnished
Shivajiaagar,"shivaji nagar, bajaj corporate office",Office,850,150000,450000,176.47,Furnished
Hadapsar,"Shinde Vasti,, Sun Sapphire A Wing, Shinde Vasti,, Sun Sapphire A Wing",Shop,200,15000,90000,75,Semi-Furnished
Hadapsar,"Pune Solapur Road, NEAR MAGAR PATHA",Office,740,26000,50000,35.14,Unfurnished
Hadapsar,"Mundwa - kharadi road, near Amanora School",Office,732,60000,180000,81.97,Unfurnished
Hadapsar,"Solapur highway, Shewalewadi, Hotel Rajyog",Shop,250,35000,105000,140,Unfurnished
Hadapsar,"Solapur Road, Mega Center",Office,427,38000,80000,88.99,Unfurnished
Hadapsar,"Solapur Road Highway, iCenter - Apple Service Center",Office,285,20000,63000,70.18,Unfurnished
Hadapsar,"Amanora Park Town main road, Future Towers",Office,732,60000,180000,81.97,Unfurnished
Hadapsar,"Handewadi Road, Etasha Society",Office,850,20000,90000,23.53,Unfurnished
Hadapsar,"Mantri Market Sasane Nagar Rd, Union Bank Of India",Warehouse,560,70000,210000,125,Unfurnished
Hadapsar,"Pune - Solapur Rd ,Magarpatta, NOBLE HOSPITAL HADAPSAR PUNE",Shop,410,35000,105000,85.37,Unfurnished
Hadapsar,"Magarpatta Road, Opp Seasons Mall Magarpatta",Office,273,88000,264000,322.34,Furnished
Hadapsar,"pune solapur road, near magarpatta city",Office,310,17500,40000,56.45,Furnished
Hadapsar,"Sarthak Society Road, Sarthak Society Road",Warehouse,100,25000,75000,250,Unfurnished
Hadapsar,"2102a DP Road, Near Chintamani Medical",Office,750,35000,105000,46.67,Unfurnished
Hadapsar,"Pune - Solapur Rd, near Mega Center, Magarpatta,, VIJAY SALES - HADAPSAR MAGARPATTA",Shop,660,60000,180000,90.91,Unfurnished
Hadapsar,"Hadapsar , Gadital, Hadapsar",Office,600,47000,141000,78.33,Unfurnished
Hadapsar,"Kale Borate Nagar Rd, BALAJI SUPER MARKET",Shop,130,6500,20000,50,Unfurnished
Hadapsar,"Solapur - Pune Highway, Vaibhav Theatre Complex",Office,400,43000,129000,107.5,Unfurnished
Hadapsar,"Pune - Solapur Highway Bhaji Mandi Chowk, Monginis Cake Shop",Showroom,700,150000,450000,214.29,Furnished
Hadapsar,"Pune - Solapur Rd, AMOKA TRADERS",Office,264,32000,96000,121.21,Unfurnished
Hadapsar,"Mahadik house, Bhosle garden , near Pragati driving school",Office,400,135000,405000,337.5,Furnished
Hadapsar,"Wadekar Wasti Road, Near The Cult Restaurant",Shop,335,30000,90000,89.55,Semi-Furnished
Hadapsar,"Hadapsur mundva, The Atrium At Magarpatta",Shop,247,25000,75000,101.21,Unfurnished
Hadapsar,"Pune-Solapur Highway, Gadital,Hadapsar, PMT Bus Depot",Shop,624,49000,147000,78.53,Unfurnished
Pimpri Chinchwad,"wakad pune , Near Maharastra Tayre",Shop,538,35000,105000,65.06,Unfurnished
Pimpri Chinchwad,"Bijli Nagar,Chinchwad, near Hanuman Temple",Shop,120,25000,70000,208.33,Unfurnished
Pimpri Chinchwad,"Thermax Chowk , Kundan Hyundai Pimpri Chinchwad",Office,735,40000,120000,54.42,Unfurnished
Pimpri Chinchwad,"Ravet central st, Celestial City Phase 2",Office,450,30000,90000,66.67,Unfurnished
Pimpri Chinchwad,"SHEGUN SOCIETY near Pumbai Gate Family Garden and Restaurant Veg - Non veg, SHEGUN SOCIETY",Shop,236,12000,50000,50.85,Unfurnished
Pimpri Chinchwad,"ravet, near Dmart",Shop,247,32000,96000,129.55,Furnished
Pimpri Chinchwad,"Wipro Circle, wipro Circle",Office,526,25000,75000,47.53,Semi-Furnished
Pimpri Chinchwad,"A-77, near spree hotel and morwadi court",Office,300,150000,450000,500,Unfurnished
Pimpri Chinchwad,"Mumbai Pune Road next to jain temple, Mayur Restaurant - Chinchwad",Shop,492,60000,180000,121.95,Semi-Furnished
Pimpri Chinchwad,"Kasarwadi, Pune-Mumbai Hwy, Hotel Kalasagar",Shop,675,79000,237000,117.04,Unfurnished
Pimpri Chinchwad,"aher, Shoppers mall",Office,385,30000,90000,77.92,Unfurnished
Pimpri Chinchwad,"Jawakar Nagar, Pimple Gurav, Summer 9 family restaurant & bar",Shop,220,12000,50000,54.55,Unfurnished
Pimpri Chinchwad,"Mahadev Balaji Landge Road near RTO Pimpri Chinchwad, Moshi Pradhikaran Pune",Shop,200,24000,72000,120,Unfurnished
Pimpri Chinchwad,"Mumbai Pune National Highway, Bhosari/NashikPhata Metro Station",Office,325,32000,96000,98.46,Unfurnished
Pimpri Chinchwad,"Sambhaji nagar, Hotel Shipra",Office,400,23000,50000,57.5,Furnished
Pimpri Chinchwad,"Gera Imperium Gateway Building A, Nashik fata, Bhosri metro station",Office,256,28000,84000,109.38,Unfurnished
Pimpri Chinchwad,"Nashik Phata Flyover, Bhosari Metro Station(Nashik Phata)",Office,250,28000,80000,112,Unfurnished
Pimpri Chinchwad,"Datta Mandir Rd, , near Polaris Healthcare",Shop,359,40000,120000,111.42,Semi-Furnished
Pimpri Chinchwad,"govind garden chowk, iMEX HOSPITAL- Best Multi Speciality I Best Physician I ICU I Trauma Center I Gynaecology I Ortho Hospital In Pimple Saudagar",Office,300,100000,300000,333.33,Furnished
Pimpri Chinchwad,"MIDC Rd, Gharonda Veg. Restaurant",Office,914,70000,210000,76.59,Furnished
Pimpri Chinchwad,"Morewadi, Old Mumbai Rd, Vijay Sales - Chinchwad",Office,507,35000,105000,69.03,Furnished
Pimpri Chinchwad,"New DP Road, Stylette Family Salon",Office,200,100000,300000,500,Unfurnished
Pimpri Chinchwad,"Bhosari-Alandi Road,Jai Maharashtra Chowk, Sakhubai Gabaji Gawali Garden",Office,400,55000,165000,137.5,Unfurnished
Kalewadi,"panchnath devasthan kalewadi main road gaon, Naadbramha Idli, Kalewadi",Warehouse,300,10500,25000,35,Semi-Furnished
Kalewadi,"near Jyotiba Mangal Karyalay, near Gupta Kirana Wholesale",Office,280,14000,40000,50,Unfurnished
Kalewadi,"Ware classics building, kalewadi main road , next to bharati hospital",Office,550,12000,60000,21.82,Semi-Furnished
Kalewadi,"VijayNagar, Kairali Bazar",Office,100,5000,15000,50,Furnished
Kalewadi,"kalewadi , BT Memorial High School",Office,200,10000,50000,50,Unfurnished
Kalewadi,"Vaibhav Colony, Jyotiba Mandir Kalewadi JQ9R+8HM Vaibhav Colony, Kalewadi Pimpri-Chinchwad, Maharashtra 411017 India, Jyotiba Mandir Kalewadi",Shop,400,35000,105000,87.5,Unfurnished
Kalewadi,"Vaibhav Colony, Jyotiba Mandir Kalewadi JQ9R+8HM Vaibhav Colony, Kalewadi Pimpri-Chinchwad, Maharashtra 411017 India, Jyotiba Mandir Kalewadi",Office,350,14000,30000,40,Unfurnished
Kalewadi,"Sneh Colony Rd, Hari Om Plaza",Shop,326,12500,30000,38.34,Unfurnished
Kalewadi,"JQ9R+8HM, Vaibhav Colony, Kalewadi, Pimpri-Chinchwad, Maharashtra 411017, Jyotiba Mandir Kalewadi",Office,270,15000,50000,55.56,Unfurnished
Kalewadi,"Suhani Residency, Behind Prerna Bank, opp Dmart Thergaon",Office,400,9000,18000,22.5,Unfurnished
Kalewadi,"Nexas carnation, Near Athwan Hotel",Shop,450,90000,270000,200,Unfurnished
Kalewadi,"Soham, Shivratna colony, Pachpir Chowk",Shop,300,12000,35000,40,Unfurnished
Kalewadi,"Kalewadi rd, Koteshwar Petroleum",Shop,280,10000,30000,35.71,Unfurnished
Kalewadi,"Pachpir Chowk, Hedgewar Road, Hotel Athvan Bar and Restaurant",Office,160,8500,15000,53.12,Furnished
Kalewadi,"Vaibhav Colony, Jyotiba Mandir Kalewadi",Shop,187,15000,30000,80.21,Unfurnished
Kalewadi,"Hedgewar Road, Kalewadi, Hotel Athvan Bar and Restaurant",Shop,250,14000,30000,56,Unfurnished
Kalewadi,"Kalewadi, near Anand Hospital",Shop,200,15000,30000,75,Unfurnished
Kalewadi,"Kalewadi Main Rd,, Stree Hospital",Shop,163,16000,30000,98.16,Unfurnished
Kalewadi,"Sai Plaza, Nadhe Nagar, Opp. Jyotiba Mandir and above Rajbhoj Sweet,",Commercial,200,10000,30000,50,Unfurnished
Kalewadi,"Kalewadi , near sunlite bakery",Shop,350,32000,96000,91.43,Unfurnished
Kalewadi,"Amar Deep Colony 1, Deep Automobiles",Shop,150,10000,25000,66.67,Unfurnished
Kalewadi,"Kalewadi Main Rd, , near Akshay Mini Market",Shop,250,12000,50000,48,Semi-Furnished
Kalewadi,"Adarsh Nagar , near KOTESHWAR PETROLEUM",Shop,162,10000,30000,61.73,Unfurnished
Kalewadi,"Moraya Colony Road,brt road,kalewadi, Moraya Colony Road",Commercial,500,30000,90000,60,Unfurnished
Kalewadi,"vaibhav colony , Jyotiba Mandir",Office,180,12000,35997,66.67,Unfurnished
Wakad,"wakad pune , Near Maharastra Tayre",Shop,538,35000,105000,65.06,Unfurnished
Wakad,"Datta Mandir Rd, , near Polaris Healthcare",Shop,359,40000,120000,111.42,Semi-Furnished
Wakad,"Dhange Chowk Rd, Royal Enfield Service Center - Kings Royal Riders",Office,591,33000,99000,55.84,Unfurnished
Wakad,"BHUJBAL CHOWK, near hinjewadi flyover",Office,501,42000,126000,83.83,Furnished
Wakad,"Wakad - Bhosari BRTS Rd, Copa Villa",Shop,288,35000,105000,121.53,Unfurnished
Wakad,"Near dange chowk, Wakad",Office,330,20000,40000,60.61,Semi-Furnished
Wakad,"Bhumkar Chowk Road, Sheetal Pure Veg Restaurant",Office,540,39000,117000,72.22,Furnished
Wakad,"Aundh-Wakad Rd Vishal Nagar, Pimple Nilakh Pimpri-Chinchwad,, Shraddha Terrace",Office,100,35000,105000,350,Semi-Furnished
Wakad,"Vishnu Dev Nagar, Wakad, Pimpri-Chinchwad, Maharashtra, India, wakad",Office,400,24000,96000,60,Semi-Furnished
Wakad,"bhujbal vasti, hinjewadi-wakad flyover, Sanyog bar & restaurant, Bhujbal Vasti, Wakad, Pimpri-Chinchwad, Maharashtra, India",Office,550,35000,105000,63.64,Semi-Furnished
Wakad,"Kaspate Vasti Road, Fortune Business Center",Office,260,15500,50000,59.62,Semi-Furnished
Wakad,"Pune Bangalore Highway, Jaguar Ace Perkins",Office,850,35000,75000,41.18,Furnished
Wakad,"near pink city wakad, near Euro School",Shop,280,45000,135000,160.71,Unfurnished
Wakad,"Pink society, Café Peter - Wakad",Office,310,24000,75000,77.42,Unfurnished
Wakad,"Aundh-Ravet Rd, Mcdonalds 16 No Bus Stop",Office,200,45000,135000,225,Semi-Furnished
Wakad,"bhumkar chowk road, near mumbai banglore pune highway",Office,600,25000,75000,41.67,Unfurnished
Wakad,"Wakad business bay, Hotel TipTop International",Office,474,27000,75000,56.96,Unfurnished
Wakad,"Shankar Kalat Nagar, Bhumkar Chowk",Office,315,20000,50000,63.49,Unfurnished
Wakad,"Dange Chowk Rd near, Cafe Brews",Shop,650,40000,120000,61.54,Furnished
Wakad,"Chatrapati Chowk,Kaspate Wasti, Punjab National Bank",Office,415,25000,75000,60.24,Unfurnished
Wakad,"Bhumkar nagar , Wisteriaa Fortune",Shop,468,25000,75000,53.42,Furnished
Wakad,"Thergaon, ABC Nirman Building",Showroom,320,75000,225000,234.38,Semi-Furnished
Wakad,"Mumbai Bangalore highway ,City Avenue Commercial M Building, Phoenix Mall",Office,500,33000,99000,66,Semi-Furnished
Viman Nagar,"solitare business hub, Phoenix Market City",Office,700,260000,780000,371.43,Furnished
Viman Nagar,"viman nagar, 200 meter away from viman nagar metro, Ramwadi Metro Station",Office,900,77000,231000,85.56,Semi-Furnished
Viman Nagar,"Near Hyatt Regency, Hyatt Regency Pune",Office,760,66500,199500,87.5,Furnished
Viman Nagar,"datt mandir chowk, near Apollo clinic",Office,425,28000,65000,65.88,Furnished
Viman Nagar,"Sakore Nagar, Viman Nagar, Pune, Indira IVF, ?????????? ?????, near Airport Road, near ????????? ?????, Sakore Nagar, Viman Nagar, Pune, Maharashtra, India",Office,680,50000,150000,73.53,Furnished
Viman Nagar,"Sakore Nagar,, Hyatt Regency Pune & Residences",Office,430,30000,90000,69.77,Furnished
Viman Nagar,"nagar rd, Four Points by Sheraton Hotel & Serviced Apartments, Pune",Office,910,55000,165000,60.44,Furnished
Viman Nagar,"Datta Mandir Chokk , nagar rd , Viman Palace",Office,550,25700,75000,46.73,Unfurnished
Viman Nagar,"new airport road, Symbiosis College",Shop,570,45000,135000,78.95,Unfurnished
Viman Nagar,"Viman Nagar Rd, Tanishq Jewellery",Office,350,114999,344997,328.57,Furnished
Viman Nagar,"NECO GARDEN, N Main Rd, Phenix Mall",Office,300,65000,195000,216.67,Unfurnished
Viman Nagar,"NECO GARDEN, N Main Rd, Phenix Mall",Office,800,80000,240000,100,Semi-Furnished
Viman Nagar,"clover park, Baker Gauges India Pvt Ltd (Machine Shop)",Office,724,95000,285000,131.22,Unfurnished
Viman Nagar,"VIP Road, Ramwadi Metro Station",Office,906,60000,180000,66.23,Unfurnished
Viman Nagar,"Airport road, DNK Square",Office,200,85000,255000,425,Unfurnished
Viman Nagar,"Main road, Giga Space",Office,500,550000,1650000,1100,Furnished
Viman Nagar,"Phoenix Market City, Clover Park, panchashil commins",Shop,592,70000,210000,118.24,Semi-Furnished
Viman Nagar,"Clover Park., Near Phoenix Market",Office,231,1821000,5463000,7883.12,Unfurnished
Viman Nagar,"Turning Point, Next to Irani Cafe",Office,670,60000,180000,89.55,Furnished
Viman Nagar,"pune nagar road, Hyatt hotel, beside Bajaj Finserv",Office,608,45000,135000,74.01,Unfurnished
Viman Nagar,"Gulmohar centre point opp phenoix mall, Viman Nagar",Commercial,380,18000,50000,47.37,Furnished
Viman Nagar,"SHOP NO. 3 NECO GARDEN, N Main Rd, Sakore Nagar, Viman Nagar, Pune, Maharashtra 411014 near neco garden, Neco Garden",Shop,450,85000,255000,188.89,Unfurnished
Viman Nagar,"5th Mile Stone, Four Points by Sheraton Hotel & Serviced Apartments",Office,500,938000,5625,1876,Furnished
Swargate,"Ghorpade Peth Rd, Ghorpade Peth Post Office",Shop,180,22000,66000,122.22,Furnished
Swargate,"Shukrwar Peth Swargate, State Bank of India",Office,300,22000,60000,73.33,Semi-Furnished
Swargate,"Ghorpade Peth, Mehta Motor Driving School",Shop,120,12000,50000,100,Unfurnished
Swargate,"Maharana Pratap Singh Rd Near Tulsi Digital Photo Studio & Colour Lab, Tulsi Digital Photo Studio & Colour Lab",Shop,220,16000,50000,72.73,Unfurnished
Swargate,"Shankar Sheth Road, Hotel 7 Loves",Shop,300,30000,90000,100,Unfurnished
Swargate,"ekbote colony, Avior Aatman",Warehouse,300,15000,25000,50,Unfurnished
Swargate,"Poornima tower,Shankar Seth Rd , Saraswati petrol pump",Office,480,25000,50000,52.08,Furnished
Swargate,"Shivaji Road, 505 Ghorpade Peth, Dr Chillal MultiSpeciality Clinic",Office,730,25000,50000,34.25,Unfurnished
Swargate,"Swargate, Near Dhobi Ghat",Office,100,7000,20000,70,Semi-Furnished
Swargate,"Shankar Sheth Road, 7 Loves Chowk",Office,200,15000,45000,75,Furnished
Swargate,"Pune-Satara Rd, Bharat Petroleum, Petrol Pump -Saraswati Auto Services",Warehouse,350,20000,60000,57.14,Unfurnished
Swargate,"Ghorpade Peth,, Dr. Nitin Deshpande",Shop,550,15000,60000,27.27,Semi-Furnished
Swargate,"Shankar Sheth Rd, HDFC Bank",Showroom,800,170000,510000,212.5,Unfurnished
Swargate,"Shukrawar Peth - Mahatma Gandhi Rd,, near Khadak Ganpati Temple",Shop,200,30000,60000,150,Unfurnished
Swargate,"ghorpade peth , Dnyandeep co-op credit society Ltd.",Warehouse,189,9000,50000,47.62,Unfurnished
Swargate,"591, Khadak Mal Ali Behind Khadak Ganesh Temple",Warehouse,100,8000,25000,80,Semi-Furnished
Swargate,"Chhatrapati Shivaji Maharaj Rd, Shri Renuka mata",Shop,600,65000,195000,108.33,Furnished
Swargate,"B-3 Dnyaneshwar Gadiwan Road, khadakmal church",Office,100,15000,20000,150,Furnished
Swargate,"Parvati Industrial Estate, near Bus Depot, , Shri Laxmi Co-op Bank Ltd Pune",Office,400,30000,90000,75,Unfurnished
Swargate,"54/Ep/174 Lohiya nagar Pune, NEAR FIRE BRIGADE",Shop,100,7000,30000,70,Unfurnished
Swargate,"sinhgad road, Dandekar bridge",Office,162,8000,16000,49.38,Unfurnished
Swargate,"Ghorpade Peth Road, Ghorpade Peth Post Office",Shop,180,22000,66000,122.22,Furnished
Yerwada,"Samrat Ashok Rd, Dharma Hospital,Aditya hospital",Office,200,32000,96000,160,Unfurnished
Yerwada,"Maharashtra Co-Operative Housing Society, Yerawada Sub Post Office",Shop,178,25000,75000,140.45,Unfurnished
Yerwada,"sangamwadi road , Shadal Baba Dargha",Office,525,30000,90000,57.14,Furnished
Yerwada,"Shastrinagar , Neney's Hospital",Office,650,32000,96000,49.23,Semi-Furnished
Yerwada,"Relax Salon GVXP+W68 Kamraj Nagar Rd, near rakes provision store, Navi Khadki, Yerawada Pune, Maharashtra 411006 India, Ganesh nagar, near Maharashtra suppliers",Shop,200,15000,50000,75,Unfurnished
Yerwada,"old airport road nagpur chawal, near mk electronics",Shop,175,15000,25000,85.71,Unfurnished
Yerwada,"Golf Club Rd, Nisarg Co.Op.Hsg.Society",Office,200,80000,240000,400,Furnished
Yerwada,"Pratik Nagar Road, Pratik Nagar Road",Shop,429,20000,45000,46.62,Unfurnished
Yerwada,"Nagar Rd, , near Kataria Hospital",Shop,250,25000,75000,100,Semi-Furnished
Yerwada,"Gunjan Chowk,",Warehouse,565,30000,50000,53.1,Semi-Furnished
Yerwada,"Nagar Road, Nagar Road",Office,567,30000,60000,52.91,Semi-Furnished
Yerwada,"Wadar Wasti Kamrajnagar, Kumar Parnakuti",Shop,350,35000,50000,100,Unfurnished
Yerwada,"nagpur chawl road, Near lumbini garder",Office,375,25000,75000,66.67,Unfurnished
Yerwada,"Panchshil TechPark Private Limited, Apex Group (Pune)",Shop,291,180000,540000,618.56,Unfurnished
Yerwada,"Dnyaneshwar Rd , Mental Corner, Vishrantwadi Police Station",Office,500,100000,300000,200,Unfurnished
Yerwada,"Airport Rd, Subhash Nagar, near Sai Automobiles Service Station",Shop,150,20000,40000,133.33,Unfurnished
Yerwada,"nagar road, Katariya hospital",Shop,100,20000,50000,200,Semi-Furnished
Yerwada,"Kamraj Nagar Road, Krishna Medico",Shop,150,15000,50000,100,Unfurnished
Yerwada,"Bhaji Mandai , Ganesh Medical",Shop,300,8000,40000,26.67,Unfurnished
Yerwada,"Behind Chatrapati Maharaj Statue, next to Noorie Lab",Office,350,12000,30000,34.29,Unfurnished
Yerwada,"Husen Shah Baba Road, Dargah Hazrat Husen Shah Baba Rh and madina masjid",Shop,330,15000,90000,45.45,Unfurnished
Yerwada,"Laxmi Nagar, near Adbul hamid urdu school",Shop,100,15000,50000,150,Unfurnished
Yerwada,"Jai Jawan Nagar, Marhabba Chicken & Eggs Suppliers",Shop,250,10000,20000,40,Unfurnished
Deccan,"bhandakar road, Hindu Gymkhana Road",Office,800,70000,210000,87.5,Semi-Furnished
Deccan,"Law College Road, Bhandarkar Institute Road",Office,767,150000,450000,195.57,Unfurnished
Deccan,"Prabhat Road, Prabhat Road",Office,567,120000,360000,211.64,Unfurnished
Deccan,"Fergusson College Rd, McDonald's",Office,360,28000,84000,77.78,Furnished
Deccan,"Pulachi Wadi, Deccan Gymkhana Metro Station",Office,100,60000,180000,600,Semi-Furnished
Deccan,"fegusson college road, Westside",Office,287,20000,60000,69.69,Unfurnished
Deccan,"Law Collage Road, opp. Bhadarkar Institute",Office,675,75000,225000,111.11,Unfurnished
Deccan,"Fergusson College Road, Dept of Psychology Fergusson College",Office,300,345000,1035000,1150,Unfurnished
Deccan,"Dnayaneshwar Paduka Chowk, FC Road, near IDBI Bank FC Road",Office,600,40000,40000,66.67,Unfurnished
Deccan,"senapati bapat road, Symbiosis College Of Arts & Commerce",Office,300,24000,72000,80,Unfurnished
Deccan,"Across FC rd , Near Times of India Building FC Rd",Office,540,60000,180000,111.11,Semi-Furnished
Deccan,"Bhandarkar Rd, The Community Hall PYC Club",Office,900,19999,60000,22.22,Semi-Furnished
Deccan,"Bandharkar Road , Kamala Nehru Park",Office,300,150000,450000,500,Furnished
Deccan,"Law college road, ILS Law College",Office,177,350000,1050000,1977.4,Unfurnished
Deccan,"Jangali Maharaj Rd Pulachi Wadi,, Purab Hotel",Shop,200,15000,40000,75,Semi-Furnished
Deccan,"Law College Road, Law College Road",Office,894,900000,2700000,1006.71,Unfurnished
Deccan,"Fergusson College Rd, Fergusson College",Office,100,90000,270000,900,Unfurnished
Deccan,"shivajinagar, Pulachiwadi, R Deccan Theatre, Pulachi Wadi, Deccan Gymkhana, Pune, Maharashtra, India",Office,500,32000,96000,64,Semi-Furnished
Deccan,"Deccan Gymkhana Pulachi Wadi, Near Metro station",Commercial,100,40000,120000,400,Unfurnished
Deccan,"Sadguru Shri, Deccan Gymkhana Pune Metro",Office,900,45000,135000,50,Furnished
Deccan,"Prarambha Society, 135/3 Erandwana, Pune, Opp. Joshi Hospital Lane",Warehouse,250,20000,60000,80,Unfurnished
Deccan,"Fergusson College Rd,, FERGUSSON COLLEGE",Office,500,100000,300000,200,Semi-Furnished
Magarpatta,"magarpatta city road, The Atrium",Shop,310,40000,120000,129.03,Unfurnished
Magarpatta,"Sinhagad Road, Pune",Shop,330,25000,75000,75.76,Unfurnished
Magarpatta,"Destination Center 1, D Mart",Shop,170,12000,50000,70.59,Unfurnished
Magarpatta,"Sarthak Niwas , Nanded city Destination Centere Pune",Commercial,200,7500,15000,37.5,Unfurnished
Magarpatta,"Destination Centre 1 Nanded city Pune, Nanded city D Mart",Office,980,270000,810000,275.51,Furnished
Magarpatta,"Ghule Patil Nagar,, D Mart",Shop,250,7500,20000,30,Unfurnished
Magarpatta,"Sinhagad Road, Punjab National Bank",Shop,200,15000,50000,75,Unfurnished
Magarpatta,"Nanded City Rd,, DMart",Warehouse,500,60000,180000,120,Unfurnished
Magarpatta,"Destination Center 1, Domino's Pizza",Shop,350,30000,90000,85.71,Unfurnished
Magarpatta,"Nanded City Sinhgad Rd, Domino's Pizza",Commercial,350,30000,90000,85.71,Unfurnished
Magarpatta,"Kamte Vasti, Wetal Buva Super Market",Warehouse,250,6000,12000,24,Unfurnished
Magarpatta,"Pandurang Industrial Area, Near Balaji Enterprises and StitchWell Ladies Tailors",Office,650,6000,12000,9.23,Unfurnished
Magarpatta,"Jadhav Rao Wada,, near Vadjai Mata Mandir",Shop,197,8000,20000,40.61,Unfurnished
Magarpatta,"Jadhav Rao Wada, Nanded Grampanchayat",Shop,400,15000,50000,37.5,Unfurnished
Magarpatta,"Sinhagad Road, Nanded City , Amir Chicken",Office,150,30000,75000,200,Unfurnished
Magarpatta,"Nanded City , Pawar Public School",Shop,120,4000,10000,33.33,Unfurnished
Magarpatta,"Sinhgad Rd Nandedcity, Pawar public school",Shop,120,6000,25000,50,Semi-Furnished
Magarpatta,"Rajaram Karle Path, Tupekar Academy Nanded City",Shop,150,70000,210000,466.67,Unfurnished
Magarpatta,"Jadhav Rao Wada, Vadjai Mata Mandir",Shop,100,4000,10000,40,Unfurnished
Magarpatta,"Jadhav Rao Wada , near Vadjai Mata Mandir",Shop,500,12000,50000,24,Unfurnished
Magarpatta,"karle Chowk kalshree road Nanded City pune , Tupekar Academy Nanded City",Office,300,45000,135000,150,Furnished
Magarpatta,"Jadhav Rao Wada, , Karle Chowk",Shop,200,4000,10000,20,Unfurnished
Koregaon Park,"Lane Number 7, Ashok Chakra Society, Meera Nagar,, Next to Marvel Exotica",Office,450,37000,111000,82.22,Furnished
Koregaon Park,"Late Ganpat Dulaji Pingle Pat, Ragvilas Society",Office,500,30000,90000,60,Semi-Furnished
Koregaon Park,"Lane No 6, North main Road",Office,200,150000,450000,750,Furnished
Koregaon Park,"Burning ghat rd, Koregaon Park, Pune, opposite abul kalam azad smarak",Office,550,40000,70000,72.73,Semi-Furnished
Koregaon Park,"Platinum Capital, Google Pune Office",Office,925,95000,285000,102.7,Unfurnished
Koregaon Park,"Burning Ghat Rd, , opposite gera riverside",Shop,225,24000,72000,106.67,Unfurnished
Koregaon Park,"Gera Legend,Koregaon Park, Opposite Starbucks Cafe",Office,350,38000,114000,108.57,Semi-Furnished
Koregaon Park,"Koregaon park annex,",Office,900,48000,144000,53.33,Semi-Furnished
Koregaon Park,"Moledina Road, East wing",Office,300,40000,120000,133.33,Unfurnished
Koregaon Park,"Galaxy Garden, N Main Rd, Starbucks Coffee",Office,700,200000,600000,285.71,Unfurnished
Koregaon Park,"North main road, Kasturbha Gandhi School",Shop,250,36000,63000,144,Unfurnished
Koregaon Park,"Burning Ghat Road, on main road near burning ghat chowk",Office,200,120000,360000,600,Semi-Furnished
Koregaon Park,"Koregaon Road, St. Mira's College For Girls",Office,530,35000,105000,66.04,Furnished
Koregaon Park,"opposite Meera Nagar, Ashok Chakra Society, Meera Nagar, near The Burger House",Office,700,80000,240000,114.29,Furnished
Koregaon Park,"vaibhav niwas, MIT Corner",Commercial,200,4000,10000,20,Unfurnished
Koregaon Park,"15 B north main rd Koregaon park, near Pujya Kasturba Gandhi English and Marathi Medium School",Office,200,30000,60000,150,Unfurnished
Koregaon Park,"NORTH MAIN ROAD, GATTI CHUTNEY-KOREGAON PARK",Office,500,325000,975000,650,Furnished
Koregaon Park,"Vasani Nagar, Near St. Mira's College For Girls",Office,150,290000,870000,1933.33,Furnished
Koregaon Park,"Talegaon chaken road manohar nagar, Surya hotel",Shop,250,15000,50000,60,Semi-Furnished
Koregaon Park,"Lane 6, Opposite Sanas Residency",Shop,320,90000,270000,281.25,Unfurnished
Koregaon Park,"Pingale Wasti, Koregaon Park Annexe, Mu, Pingale Wasti, Koregaon Park Annexe, Mu",Office,900,180000,540000,200,Furnished
Pashan,"Baner Rd, opposite mabaleshwar hotel",Restaurant,700,400000,1200000,571.43,Unfurnished
Pashan,"pashan road, Shree Hanuman Temple and CDAC institute",Office,428,70000,210000,163.55,Unfurnished
Pashan,"Baner-pashan link rd , Kumar Shantiniketan Co-operative Society Phase I",Showroom,702,70000,210000,99.72,Unfurnished
Pashan,"Pashan Sutarwadi Link Rd, Blue Bells Aura",Shop,200,13000,50000,65,Semi-Furnished
Pashan,"Pashan Sus Road, Sutar Icon",Office,700,110000,330000,157.14,Furnished
Pashan,"New India school Road, Opp.jansaeva bank",Shop,215,50000,150000,232.56,Unfurnished
Pashan,"Shiv Nagar, Shivnagar Ganesh Temple",Shop,150,5000,15000,33.33,Semi-Furnished
Pashan,"Doctor Homi Bhabha Road, Doctor Homi Bhabha Road",Office,750,80000,240000,106.67,Semi-Furnished
Pashan,"Bhuvaneshwar Colony,, Bhuvaneshwar Society",Office,800,60000,180000,75,Furnished
Pashan,"8 Someshwar Wadi Road, near Someshwar tempal",Office,800,30000,60000,37.5,Unfurnished
Pashan,"Baner - Pashan Link Rd, Near Athashree Astha",Office,825,40000,120000,48.48,Furnished
Pashan,"Baner - Pashan Link Rd, near Varadshree Society",Office,100,40000,80000,400,Unfurnished
Pashan,"Pashan - Sus Rd, Balaji Chowk, Mont Vert Arcade",Shop,260,30000,90000,115.38,Semi-Furnished
Pashan,"Deron Heights, Above Ranka Jewellers",Office,992,100000,300000,100.81,Furnished
Pashan,"Mukta Residancy, Nr Shivnagar",Shop,200,10000,30000,50,Unfurnished
Pashan,"Pashan - Sus Rd, , Cafe Durga",Office,184,20000,60000,108.7,Semi-Furnished
Pashan,"Near Kapil Asmant society, Opposite Blue Bells society",Shop,289,13000,50000,44.98,Unfurnished
Pashan,"Baner - Pashan Link Road, Ranka Jewellers",Office,523,100000,300000,191.2,Semi-Furnished
Pashan,"Baner - Pashan Link Road, Baner - Pashan Link Road",Office,400,15000,25000,37.5,Semi-Furnished
Pashan,"Baner - Pashan Link Rd, above Uttam Super Store",Office,800,33000,90000,41.25,Semi-Furnished
Pashan,"Someshwarwadi, near Shri Someshwar Mandir Temple",Office,500,80000,240000,160,Unfurnished
Pashan,"Laxmi Kund, Pashan, 22, Abhimanashree Society Rd, near Abhimanshree Society, Ward No. 8, Abhimanshree Society, Bank of India",Office,200,14000,28000,70,Unfurnished
Pashan,"Sakhar Nagar, Sai Krupa",Office,300,12000,20000,40,Furnished
Pashan,"Sutarwadi, Sutarwadi Government School",Office,220,8000,20000,36.36,Unfurnished
Bavdhan,"Flame Ring Road, bhunde vasti, Suyash Academy (Sports Complex)",Warehouse,200,96000,288000,480,Unfurnished
Bavdhan,"Paud Road, Chitale Bandhu,Bhugaon",Office,371,25000,50000,67.39,Unfurnished
Bavdhan,"DSK Ranwara road, Kiyansh Dry Fruits",Shop,450,29000,90000,64.44,Furnished
Bavdhan,"Paud Rd , Bhugaon, near western club",Shop,206,12000,30000,58.25,Unfurnished
Bavdhan,"Shivaji Chowk, Crystal Honda",Office,337,110000,330000,326.41,Unfurnished
Bavdhan,"Shivaji Chowk, Crystal Honda",Office,898,150000,450000,167.04,Unfurnished
Bavdhan,"Mulshi Rd,, Near Marks Pryor",Shop,220,5000,15000,22.73,Unfurnished
Bavdhan,"Yamunanagar Rdm,Shankar Kalat Nagar, Regalia Apartments",Shop,380,30000,90000,78.95,Unfurnished
Bavdhan,"near Talathi Office , Near DREAMS RHYTHM,",Shop,200,10000,30000,50,Unfurnished
Bavdhan,"Windmill Village Rd, Whistling Meadows",Shop,210,25000,75000,119.05,Unfurnished
Bavdhan,"Paud Rd, Bhugaon, NR Zudio Bhugaon",Office,220,21000,65000,95.45,Unfurnished
Bavdhan,"Patil Nagar Road, Opposite Mahindra First Choice Showroom",Shop,483,25000,75000,51.76,Unfurnished
Bavdhan,"Paud Road, Matalwadi Phata",Office,350,25000,75000,71.43,Unfurnished
Bavdhan,"138, Mulsi Taluka, Budha Vihar",Shop,150,15000,50000,100,Unfurnished
Bavdhan,"dr homi dhaba rd , aditya shagun mall",Office,286,21000,70000,73.43,Unfurnished
Bavdhan,"Dr Homi Bhabha Road, Near DSK Ranwara Road",Office,286,21000,70000,73.43,Unfurnished
Bavdhan,"Bhugaon , Cafe Chatakdar Chaat",Office,900,21000,63000,23.33,Unfurnished
Bavdhan,"Pashan Rd, Near Bavdhan Police Station",Office,350,42000,126000,120,Unfurnished
Bavdhan,"Paud Rd, Bhugaon, Maharashtra Gramin Bank Bhugaon",Office,300,20000,50000,66.67,Unfurnished
Nigdi,"Sector 32 A, Dr Dy Patil Institute Of Engineering Management And Research",Office,380,18000,54000,47.37,Unfurnished
Nigdi,"Maske Vasti, BRTS Rd, Sonigara 97 Bizz",Office,465,39500,118500,84.95,Unfurnished
Nigdi,"Nigdi, Camp Education Society's Prerana High School (Camp Education School)",Office,500,30000,90000,60,Semi-Furnished
Nigdi,"Nigdi, pradhikaran, Swapnapurti Phase 1",Shop,400,16000,50000,40,Semi-Furnished
Nigdi,"near aher garden, aher garden shubham garden",Warehouse,500,50000,150000,100,Unfurnished
Nigdi,"Pradhikaran, Kohinoor Arcade",Office,465,25000,70000,53.76,Semi-Furnished
Nigdi,"Sector No. 24, Pradhikaran, Kohinoor Arcade",Office,200,30000,60000,150,Unfurnished
Nigdi,"ravet poli chowky , Bhondve Chowk",Warehouse,500,70000,210000,140,Unfurnished
Nigdi,"Datta Nagar rd,, Shri chintamani Ganesh temple",Office,250,20000,50000,80,Unfurnished
Nigdi,"Chhatrapati Sambhaji Maharaj Chowk, , Indian Oil - Morya Petroleum,",Shop,384,20000,50000,52.08,Unfurnished
Nigdi,"Old Mumbai - Pune Hwy, Seva Nagar, Kasarwadi, , Kasarwadi Near Railway Gate",Shop,180,10500,45000,58.33,Unfurnished
Nigdi,"Jay Mallhar Colony, Walhekarwadi, Sector No. 32, Nigdi, , Lambodar Ganesh Temple",Shop,100,9000,25000,90,Unfurnished
Nigdi,"Sahyog Nagar Pimpri-Chinchwad, Maharashtra 412114 India, Gagangiri Maharaj Ashram",Shop,102,15000,50000,147.06,Unfurnished
Nigdi,"Akurdi, Pradhikaran, Near ITER, Sector No. 28, Pradhikaran, Nigdi, , PROF. RAMKRISHNA MORE ARTS, COMMERCE & SCIENCE COLLEGE",Office,450,40000,120000,88.89,Unfurnished
Nigdi,"kundan arcade, Above Majestique smiles dental clinic",Shop,100,30000,90000,300,Furnished
Nigdi,"Office no.102,Aishwaryam Deerstone,Sector 27 A,Plot no.502 B., Mahalsakant Chowk,Nigdi,Pradhikaran,Pune-411044",Office,146,12000,30000,82.19,Unfurnished
Nigdi,"Transport Nagar, Indian Oil - Shree Balaji Petroleum",Office,450,14000,40000,31.11,Furnished
Nigdi,"bhel chowk Pradhikaran Rd, Sector 25, Pradhikaran, Nigdi, Pimpri-Chinchwad, Maharashtra 411044, Citi Pride Complex",Office,900,40000,120000,44.44,Semi-Furnished
Nigdi,"Nigdi Service rd , Shri Gokulnath Krishna Vigraha Mandir",Shop,750,30000,90000,40,Unfurnished
Camp,"MG Road , Yes Bank",Office,330,22700,68100,68.79,Unfurnished
Camp,"V P street, Kohinoor Restaurant",Office,700,22000,60000,31.43,Furnished
Camp,"Near HDFC bank East Street, State Bank of India",Office,250,25000,75000,100,Semi-Furnished
Camp,"Convent Street, Camp",Office,600,45000,135000,75,Unfurnished
Camp,"Convent Street , St. Anne's High School",Commercial,304,10000,50000,32.89,Furnished
Camp,"MG Road, Bhiwandi Darbar -",Office,315,75000,225000,238.1,Unfurnished
Camp,"Amol Sagar Estate, Opp Madina Hotel, Near Poona College",Office,300,13000,30000,43.33,Furnished
Camp,"Sachapir Street,, Cafe Convent Resta, Rahel Hospital",Shop,700,340000,1020000,485.71,Unfurnished
Camp,"Moledina Rd,, Hotel Aurora Towers",Office,410,30000,75000,73.17,Furnished
Camp,"MG Road, Muthoot Finance Ltd.",Office,930,55000,165000,59.14,Furnished
Camp,"Hermers Pallazzo , St.annes school",Office,330,25000,75000,75.76,Semi-Furnished
Camp,"Lotus Road , 11 East Street Cafe",Shop,170,16000,90000,94.12,Unfurnished
Camp,"Sachapir St, Union Bank, Cosmos Bank",Office,200,13500,50000,67.5,Furnished
Camp,"Mahatma Gandhi Road, west wing, Aurora Hotel Aurora Towers",Office,200,80000,240000,400,Semi-Furnished
Camp,"M.G. Road, Pune, near Husseny Bakery,729, Taboot Street, Camp, Pune 411001",Warehouse,500,50000,150000,100,Unfurnished
Camp,"M G ROAD., Maharashtra Electronics Corporation",Office,950,55000,165000,57.89,Furnished
Camp,"MG Road, Moledina Rd, Sterling Centre",Shop,364,25000,75000,68.68,Semi-Furnished
Camp,"Swargate Road, Pulgate Police Station",Office,380,22000,50000,57.89,Semi-Furnished
Camp,"Convent St , Hermes Palazzo",Office,394,25000,60000,63.45,Unfurnished
Camp,"Hulshur, East St, Victory Theatre",Shop,275,40000,120000,145.45,Furnished
Camp,"MG Road, manhaz restaruant",Shop,120,35000,105000,291.67,Furnished
Camp,"Savedi, Ahilya Nagar, Ahmednagar , near Hotel CityPride",Shop,800,26000,78000,32.5,Semi-Furnished
Camp,"Moledina Road, MG Road, Hotel Aurora Towers",Shop,200,60000,180000,300,Furnished
Camp,"MG ROAD , Above Makati & Co.",Warehouse,225,10000,30000,44.44,Semi-Furnished
Lohegaon,"shiv colony dhanori lohegoan road , Gitai Lawns",Office,500,30000,90000,60,Semi-Furnished
Lohegaon,"Park plaza porwal road , Park Plaza",Office,510,30000,90000,58.82,Semi-Furnished
Lohegaon,"Porwal Road, near Food Paradise, Park Springs",Office,450,15000,30000,33.33,Unfurnished
Lohegaon,"Mukesh Villa, Sai Park D Y Patil Road",Shop,350,30000,90000,85.71,Unfurnished
Lohegaon,"Porwal Road Dhanori, Atlantic city porwal road, Near Domino?s Pizza Dhanori",Shop,250,30000,90000,120,Unfurnished
Lohegaon,"Gurudwara Rd,, Tulip Nursery School",Shop,150,4000,7000,26.67,Semi-Furnished
Lohegaon,"Kutwal Colony, JIS School- Best CBSE School",Commercial,300,35000,70000,116.67,Unfurnished
Lohegaon,"Lohegaon, Golden Aura",Shop,100,7500,20000,75,Unfurnished
Lohegaon,"Wadgaon Shinde Road, Kaveri International School",Warehouse,450,12000,25000,26.67,Unfurnished
Lohegaon,"8 Mundhwa - Kharadi Road, kharadi bypass BRT bus stop",Commercial,150,20000,40000,133.33,Furnished
Lohegaon,"Wagholi Rd, Dadachi Wasti, Dadaji Vasti, Lohegaon,, LANDMARK TRADE CENTRE",Shop,362,20000,60000,55.25,Unfurnished
Lohegaon,"Porwal Rd, Orchid Speciality Hospital",Shop,220,17000,51000,77.27,Semi-Furnished
Lohegaon,"Swami Samarth Nagar Lane No. 5, Isabella International school",Warehouse,400,10000,20000,25,Unfurnished
Lohegaon,"Al-aashiyana, near diamond water park Lohegaon",Shop,450,15000,45000,33.33,Unfurnished
Lohegaon,"Goodwill 24 Society, Sai Medical Cosmetic and General Store",Shop,330,35000,105000,106.06,Unfurnished
Lohegaon,"Lohgaon Rd, near Bharat Petroleum Petrol Pump , SATHE PETROLEUM",Shop,350,25000,50000,71.43,Unfurnished
Lohegaon,"Porwal Rd Lohegaon, near Pride word city",Shop,400,7000,40000,17.5,Furnished
Lohegaon,"park plaza, park plaza",Office,370,30000,90000,81.08,Unfurnished
Lohegaon,"Nagar Rd, Shree Ram Society, Pune International Airport Area, Samruddhi Centre",Office,400,15000,30000,37.5,Semi-Furnished
Katraj,"Katraj - Ambegaon Budruk Road, OPPOSITE Croma - Katraj",Warehouse,300,15000,50000,50,Unfurnished
Katraj,"bharti vidys peth, Reliance Fresh",Office,590,35000,105000,59.32,Unfurnished
Katraj,"Near Wonder City , Kanchan Nagari, Wonder City",Office,490,25000,79999,51.02,Unfurnished
Katraj,"Kondhwa Main Road, Kondhwa Main Road",Office,240,13500,50000,56.25,Furnished
Katraj,"R k colony Rd , near Shri Ganesh Mandir",Warehouse,500,25000,75000,50,Unfurnished
Katraj,"kachan nagari , umashiv bharath gas",Office,200,15000,30000,75,Furnished
Katraj,"Mangdewadi, Grampanchayat Mangadewadi",Warehouse,270,14000,40000,51.85,Unfurnished
Katraj,"Mangdewadi, Katraj Pune,, Laxmi Paradise",Shop,250,15000,30000,60,Unfurnished
Katraj,"khabren nagar, Sundar Nagar, gujarwadi , Indian Oil Petrol Pump",Shop,210,10000,20000,47.62,Unfurnished
Katraj,"Santosh Nagar, Mangdewadi Petrol Pump",Shop,550,15000,50000,27.27,Unfurnished
Katraj,"khopde nagar , BAFNA EARTHMOVERS",Shop,400,5000,10000,12.5,Unfurnished
Katraj,"khopade nagar , kadeswar ,mindar",Shop,183,7000,25000,38.25,Unfurnished
Katraj,"om residenc, Mangdewadi Petrol Pump",Shop,500,14000,50000,28,Unfurnished
Katraj,"k k travels More bagh, Near Icc Cable Office Katraj",Shop,220,18000,54000,81.82,Unfurnished
Katraj,"nakshatra residency, utkarsh society, gujarwadi road",Shop,570,36000,108000,63.16,Unfurnished
Katraj,"Gujarwadi Road, Gujarwadi Road",Shop,700,11000,30000,15.71,Unfurnished
Katraj,"Dutta Nagar, Near Katraj Dairy",Commercial,600,9500,10000,15.83,Furnished
Katraj,"Kondhwa Rd, Sahakarnagar , Vijay Dairy And Farm",Shop,120,6000,15000,50,Unfurnished
Katraj,"Gujarwadi Road, Ceratec Greens",Shop,110,4000,10000,36.36,Unfurnished
Katraj,"Gujarwadi Rd,, SUGUNA Chicken & Egg",Shop,100,8000,15000,80,Unfurnished
Katraj,"Pune - Satara Rd, Hotel Swagat Family Restaurant Veg NonVeg",Office,280,7000,50000,25,Unfurnished
Aundh,"Chondhe Patil Nagar Rd,, Near Shetty",Warehouse,600,80000,240000,133.33,Unfurnished
Aundh,"Anna Purna Housing Society Road, Opp DAV Public School",Office,852,58000,174000,68.08,Semi-Furnished
Aundh,"vasudha near rajiv gandhi bridge, Vasudha Business Center",Office,150,15000,30000,100,Semi-Furnished
Aundh,"parihar chowk, D Mart",Office,156,100000,300000,641.03,Unfurnished
Aundh,"Sanghvi Kesari Road, Bank of Maharashtra - Pune-Aundh Branch",Office,816,50000,150000,61.27,Semi-Furnished
Aundh,", Kumar Point ITI Rd, beside shirin garden society",Office,300,150000,450000,500,Unfurnished
Aundh,"Baner Road, Mauli Garden",Office,255,65000,195000,254.9,Unfurnished
Aundh,"Seasons Road, , near Medi Point hospital",Shop,180,41000,123000,227.78,Unfurnished
Aundh,"Seasons Road, Seasons Road",Office,315,25000,70000,79.37,Unfurnished
Aundh,"Above Nexa Showroom , Baner Road,",Office,730,48000,144000,65.75,Furnished
Aundh,"AIMS Rd Ward No. 8, Aundh Gaon, Aundh, Near Nakoda jeweller",Shop,155,29000,87000,187.1,Unfurnished
Aundh,"Near sakal nagar , Niligiri Lane , Nexa Showroom",Office,200,42000,126000,210,Unfurnished
Aundh,"Parihar chowk , Prism Coropration",Office,100,140000,420000,1400,Semi-Furnished
Aundh,"Ward No. 8, Aundh Gaon, Pune Metropolitan Region Development Authority",Office,284,36000,108000,126.76,Unfurnished
Aundh,"Aundh, Dmart",Office,575,30000,90000,52.17,Semi-Furnished
Aundh,"Opp DAV public school , Aundh",Office,860,60000,180000,69.77,Semi-Furnished
Aundh,"Rachana Ventura, Titan world showroom",Office,115,212000,636000,1843.48,Furnished
Aundh,"Baner Road, Aundh, Sakal Nagar, Aundh",Shop,200,18000,50000,90,Unfurnished
Aundh,"Nirman Sankul phase 1, Nirman Sankul Phase 1",Shop,110,5500,12000,50,Unfurnished
Aundh,"DP Road, parihar chowk",Office,900,32000,96000,35.56,Semi-Furnished
Kondhwa,"Fakhri Hills, Domino's Pizza | Village Kondhwa, Pune",Office,650,40000,120000,61.54,Semi-Furnished
Kondhwa,"Tyni Audyogic Wasahat,, DMart Kondhwa",Office,120,50000,150000,416.67,Unfurnished
Kondhwa,"NIBM, Clover mall",Shop,486,45000,135000,92.59,Unfurnished
Kondhwa,"Shivneri Nagar, HATTRICK SPORTS BAT SHOP",Shop,250,10000,30000,40,Unfurnished
Kondhwa,"HM Royal Society,Talab factory, Opp Ranka Jwellers, Vijay Sales",Office,525,23000,70000,43.81,Semi-Furnished
Kondhwa,"khadi machine chowk , Space 31",Office,436,35000,60000,80.28,Furnished
Kondhwa,"Picasso Plaza NIBM Cross Road, Krishnakevalnagar, Shivneri Nagar, Near Jyoti Pure Veg Restaurant",Office,250,15000,45000,60,Unfurnished
Kondhwa,"Mitha Nagar, sheetal Hindustan Petroleum Corporation Limited",Warehouse,200,15000,50000,75,Unfurnished
Kondhwa,"Salunke Vihar Road, Opp. Parmar Residency, Bramha Aangan Soc",Office,200,14500,50000,72.5,Unfurnished
Kondhwa,"capital mall, capital mall",Office,360,18000,60000,50,Furnished
Kondhwa,"Betal Nagar,, BISMILLAH CHICKEN AND EGG CENTRE",Shop,110,17998,30000,163.62,Unfurnished
Kondhwa,"Kapil Nagar, BRACT'S, Vishwakarma Institute of Information Technology",Shop,250,16000,60000,64,Unfurnished
Kondhwa,"Somji , near CROWN BAKERY",Shop,312,22000,66000,70.51,Unfurnished
Kondhwa,"Rukmini Mandir Shivneri Nagar Kondhwa Khurd, Opposite Rukmini Mandir Lane No.21 Shivneri Nagar Kondhaw Khurd",Shop,755,25000,60000,33.11,Furnished
Kondhwa,"Shama Complex Building, Labbaik General Store Lane no.23B Shama Complex Building Shivneri Nagar Kondhwa Khurd Pune",Commercial,455,4000,15000,8.79,Furnished
Kondhwa,"Bhagyoday Nagar,, Dwitiya Dagdusheth Ganpati",Shop,432,20000,50000,46.3,Unfurnished
Kondhwa,"nibm cross road , world of jewellery",Office,500,45000,135000,90,Unfurnished
Kondhwa,"Lane Number 3, Lane Number 3",Shop,580,25000,75000,43.1,Unfurnished
Kondhwa,"Lullanagar kondhwa road, Jyoti Pure Veg Restaurant",Office,650,30000,60000,46.15,Semi-Furnished
Kondhwa,"military wall Shivneri Nagar,, near k tech school",Shop,200,8000,30000,40,Unfurnished
Kondhwa,"kondhwa Rd, Bhagyoday Nagar, Bhagyaodaya Nagar, Makkah Masjid",Shop,370,20000,60000,54.05,Furnished
Kondhwa,"Picasso Plaza NIBM Cross Road, Krishnakevalnagar, Shivneri Nagar, , Jyoti Pure Veg Restaurant",Shop,322,18000,50000,55.9,Semi-Furnished
Kondhwa,"Kondhwan Main Road , near HP Petrol Pump",Office,550,40000,120000,72.73,Unfurnished
Kondhwa,"Bramha Majestic Co. Housing Society , Kausarbaug Masjid",Office,128,15000,45000,117.19,Unfurnished
Kondhwa,"Kondhwa Khurd, Near Dominoz Pizza",Shop,560,40000,120000,71.43,Semi-Furnished
Balewadi,"Balewadi Road, laxman nagar , opp.Aromas Hyderabad House",Office,653,38000,114000,58.19,Semi-Furnished
Balewadi,"Balewadi, Above Agent Jack",Office,900,70000,210000,77.78,Semi-Furnished
Balewadi,"Baner High Street, Chul Mutton Baner",Office,766,150000,450000,195.82,Unfurnished
Balewadi,"Nandan Probiz, Sai Chauk Road",Office,595,51000,153000,85.71,Semi-Furnished
Balewadi,"Baner, Mitcon",Commercial,500,5000,10000,10,Furnished
Balewadi,"Balewadi - Hinjawadi Rd Patil Nagar, Mitcon Institute of Management balewadi",Office,409,66000,198000,161.37,Semi-Furnished
Balewadi,Townhouse BramhaCorp,Shop,370,35000,50000,94.59,Unfurnished
Balewadi,"patil nagar, balewadi,",Office,370,20000,25000,54.05,Unfurnished
Balewadi,"Comfort Zone Nest, Opp Umarji Hospital",Office,350,70000,210000,200,Semi-Furnished
Balewadi,"Near F Residence, Balewadi",Shop,550,40000,120000,72.73,Unfurnished
Balewadi,"panchshil business park, off, Baner - Balewadi Rd, , Balewadi High Street",Office,580,50000,150000,86.21,Unfurnished
Balewadi,"Yashoda Chowk, Opposite Madhuban Society",Shop,150,21000,63000,140,Unfurnished
Balewadi,"Tejonidhi Apartment,behind Mitcon International School, Near Amar Tech Park Balewadi",Warehouse,800,20000,60000,25,Furnished
Balewadi,"Balewadi Rd, MITCON Institute of Management",Office,300,65000,195000,216.67,Furnished
Balewadi,"Balewadi Gaon, Kunal Aspiree",Office,600,55000,165000,91.67,Unfurnished
Balewadi,"office 107, Madhuban Business park, Sapphire Road, Balewadi, Pune- 411045, UCO Bank",Office,550,38000,80000,69.09,Furnished
Balewadi,"Balewadi High Street,",Office,773,360000,1080000,465.72,Semi-Furnished
Balewadi,"Balewadi High Street, Payal Super Market",Commercial,531,925000,2775000,1742,Furnished
Balewadi,"388a, Madhuban Society Rd, next to, Balewadi, Pune, Maharashtra 411045, India, Gagan Klara",Office,375,22000,44000,58.67,Unfurnished
Balewadi,"Balewadi Gaon, Kunal Aspiree",Shop,119,20000,75000,168.07,Unfurnished
Balewadi,"sawant elite , Bajirav Shripati Road, in front of 51 balewadi",Office,278,10000,40000,35.97,Unfurnished
Balewadi,"Balewadi High Street, Opposite Perfect 10",Office,718,50000,150000,69.64,Unfurnished
Balewadi,"Yashoda Chawk, DP Rd, Balewadi, Pune, Maharashtra 411045, India, Amit Sapphire Park",Office,300,285000,855000,950,Unfurnished
Wagholi,"Nagar Rd, Decathlon Sports - Wagholi",Shop,200,30000,90000,150,Unfurnished
Wagholi,"Nagar Road, Opposite HP petrol pump Wagholi",Shop,225,25000,50000,111.11,Unfurnished
Wagholi,"Nagar Rd, Croma - Wagholi",Shop,350,22000,50000,62.86,Unfurnished
Wagholi,"Kesnand Rd, Rudra society, NEXA Service (Kothari Wheels)",Office,415,19000,60000,45.78,Semi-Furnished
Wagholi,"Kalubai Nagar, Undre Hospital",Shop,500,16000,40000,32,Unfurnished
Wagholi,"nagar road, TaTa Motors Cars Showroom - Rudra Motors, Wagholi",Office,750,45000,135000,60,Unfurnished
Wagholi,"pune- Nagar Road, Wakefit - Furniture Store in Wagholi, Pune",Office,100,75000,225000,750,Furnished
Wagholi,"Nagar Road Wagholi in front of HP Petrol Pump, New Zudio Store",Office,576,35000,105000,60.76,Unfurnished
Wagholi,"lalwani capital, near JD shubharambh and opposite to bjs college",Office,707,280000,840000,396.04,Unfurnished
Wagholi,"Baif Rd, President English Medium School",Office,581,26000,50000,44.75,Furnished
Wagholi,"bakori phata ,Bakori road, Near Bjs School",Office,479,35000,105000,73.07,Unfurnished
Wagholi,"Nagar Rd, Kumar Palladium Plaza",Office,500,60000,180000,120,Unfurnished
Wagholi,"Rainbow Cross Road, D Mart Ready Rainbow Cross Road",Office,236,16000,50000,67.8,Unfurnished
Wagholi,"kharadi main road, Gera World Of Joy",Shop,150,38000,114000,253.33,Unfurnished
Wagholi,"Pune Nagar Road, Pavana Sahkari Bank Wagholi",Office,300,75000,225000,250,Semi-Furnished
Wagholi,"Bhawadi, Near Rising Star English Medium School",Shop,200,7000,20000,35,Semi-Furnished
Wagholi,"Nagar Rd, Ashok Leyland wagholi",Shop,130,9000,10000,69.23,Unfurnished
Wagholi,"sai sathyam park , Geeta Waves Society, Sai Satyam Park Wagholi",Shop,160,7000,20000,43.75,Semi-Furnished
Wagholi,"Nagar Road, Mercedes-Benz Silver Star Workshop",Shop,250,40000,120000,160,Unfurnished
Wagholi,"Kawade Wasti, , Trimurti Gym and Health Club (Gents and Ladies)",Shop,100,4500,20000,45,Unfurnished
Wagholi,"Pune Nagar highway near wagholi, Near decathlon",Office,171,18000,54000,105.26,Unfurnished
